Workbook

Sheet Base Ventas
A1: BASE VENTAS Y DESPACHOS 2025
A4: Fecha | B4: Mes | C4: No orden | D4: Concepto | E4: Cliente/Proveedor | F4: Codigo | G4: Descripcion del producto | H4: Cantidad | I4: Categoria | J4: Ciudad | K4: Lugar de entrega | L4: Status Despacho | M4: Transportadora | N4: No guia | O4: Fecha de despacho | P4: Fecha de Entrega | Q4: Status entrega | R4: Tiempo de despacho de orden | S4: Tiempo de entrega de la orden | T4: Tiempo de Desvío Despacho | U4: Tiempo de Desvío Entrega | V4: Cumple NNS | W4: Desvío NNS (Hábil) | X4: Valor despacho | Y4: Qué área incumple | Z4: Diferencia valor real vs Estimado | AA4: Observaciones
A5: 45658 | B5: =TEXT(A5,"mmmm") -> enero | C5: 2377 | D5: Venta | E5: Cata Gómez | F5: TECUBDPM | G5: =IFERROR(VLOOKUP(F5,Productos!$A$2:$D$258,2,0)," ") -> Desk Pad B Negro Café Miel | H5: 1 | I5: =IFERROR(VLOOKUP(F5,Productos!$A$2:$D$258,3,0)," ") -> Accesorio | J5: Antioquia | K5: La estrella | L5: =IF(O5>0,"Despachado","En alistamiento") -> Despachado | M5: Coordinadora | N5: 3002937 -84151097246 | O5: 45664 | P5: 45665 | Q5: =IF(P5>0,"Entregado","En transito") -> Entregado | R5: =IF(L5="Despachado",NETWORKDAYS.INTL("07/01/2025",O5,11,Valores!$A$2:$A$18)-1,"PTE") -> 0 | S5: =IF(Q5="Entregado",NETWORKDAYS.INTL("07/01/2025",P5,11,Valores!$A$2:$A$18)-1,"PTE") -> 1 | V5: =IF(Q5="Entregado",IF(S5<=VLOOKUP(K5,Valores!E:F,2,0),"Cumple","No cumple"),"PTE") -> Cumple | X5: 16617 | AA5: Vacaciones TECU
A6: 45659 | B6: =TEXT(A6,"mmmm") -> enero | C6: 2378 | D6: Venta | E6: Andres felipe Carreño | F6: TECUBDPA | G6: =IFERROR(VLOOKUP(F6,Productos!$A$2:$D$258,2,0)," ") -> Desk Pad B Negro Azul | H6: 1 | I6: =IFERROR(VLOOKUP(F6,Productos!$A$2:$D$258,3,0)," ") -> Accesorio | J6: Bogotá y alrededores | K6: Bogota | L6: =IF(O6>0,"Despachado","En alistamiento") -> Despachado | M6: Coordinadora | N6: 3002977 -84151097273 | O6: 45664 | P6: 45665 | Q6: =IF(P6>0,"Entregado","En transito") -> Entregado | R6: =IF(L6="Despachado",NETWORKDAYS.INTL("07/01/2025",O6,11,Valores!$A$2:$A$18)-1,"PTE") -> 0 | S6: =IF(Q6="Entregado",NETWORKDAYS.INTL("07/01/2025",P6,11,Valores!$A$2:$A$18)-1,"PTE") -> 1 | V6: =IF(Q6="Entregado",IF(S6<=VLOOKUP(K6,Valores!E:F,2,0),"Cumple","No cumple"),"PTE") -> Cumple | X6: 16617 | AA6: Vacaciones TECU
A7: 45663 | B7: =TEXT(A7,"mmmm") -> enero | C7: 2379 | D7: Venta | E7: Juan Guevara | F7: TECU2FBGO | G7: =IFERROR(VLOOKUP(F7,Productos!$A$2:$D$258,2,0)," ") -> Electric Standing Desk GO Blanco | H7: 1 | I7: =IFERROR(VLOOKUP(F7,Productos!$A$2:$D$258,3,0)," ") -> Standing Desk | J7: Bogotá y alrededores | K7: Bogota | L7: =IF(O7>0,"Despachado","En alistamiento") -> Despachado | M7: Coordinadora | N7: 3006333 -84151099203 | O7: 45665 | P7: 45667 | Q7: =IF(P7>0,"Entregado","En transito") -> Entregado | R7: =IF(L7="Despachado",NETWORKDAYS.INTL(A7,O7,11,Valores!$A$2:$A$18)-1,"PTE") -> 1 | S7: =IF(Q7="Entregado",NETWORKDAYS.INTL(A7,P7,11,Valores!$A$2:$A$18)-1,"PTE") -> 3 | V7: =IF(Q7="Entregado",IF(S7<=VLOOKUP(K7,Valores!E:F,2,0),"Cumple","No cumple"),"PTE") -> Cumple | X7: 41593
A8: 45663 | B8: =TEXT(A8,"mmmm") -> enero | C8: 2379 | D8: Venta | E8: Juan Guevara | F8: TECUTFE2C | G8: =IFERROR(VLOOKUP(F8,Productos!$A$2:$D$258,2,0)," ") -> Superficie Fresno Europeo 120x70 Clasico Small | H8: 1 | I8: =IFERROR(VLOOKUP(F8,Productos!$A$2:$D$258,3,0)," ") -> Superficie | J8: Bogotá y alrededores | K8: Bogota | L8: =IF(O8>0,"Despachado","En alistamiento") -> Despachado | M8: Coordinadora | N8: 3006334 -84151099205 | O8: 45665 | P8: 45667 | Q8: =IF(P8>0,"Entregado","En transito") -> Entregado | R8: =IF(L8="Despachado",NETWORKDAYS.INTL(A8,O8,11,Valores!$A$2:$A$18)-1,"PTE") -> 1 | S8: =IF(Q8="Entregado",NETWORKDAYS.INTL(A8,P8,11,Valores!$A$2:$A$18)-1,"PTE") -> 3 | V8: =IF(Q8="Entregado",IF(S8<=VLOOKUP(K8,Valores!E:F,2,0),"Cumple","No cumple"),"PTE") -> Cumple | X8: 24093
A9: 45663 | B9: =TEXT(A9,"mmmm") -> enero | C9: 2379 | D9: Venta | E9: Juan Guevara | F9: TECUCT | G9: =IFERROR(VLOOKUP(F9,Productos!$A$2:$D$258,2,0)," ") -> Bandeja de cables | H9: 1 | I9: =IFERROR(VLOOKUP(F9,Productos!$A$2:$D$258,3,0)," ") -> Accesorio | J9: Bogotá y alrededores | K9: Bogota | L9: =IF(O9>0,"Despachado","En alistamiento") -> Despachado | M9: Coordinadora | N9: 3006341 -84151099209 | O9: 45665 | P9: 45667 | Q9: =IF(P9>0,"Entregado","En transito") -> Entregado | R9: =IF(L9="Despachado",NETWORKDAYS.INTL(A9,O9,11,Valores!$A$2:$A$18)-1,"PTE") -> 1 | S9: =IF(Q9="Entregado",NETWORKDAYS.INTL(A9,P9,11,Valores!$A$2:$A$18)-1,"PTE") -> 3 | V9: =IF(Q9="Entregado",IF(S9<=VLOOKUP(K9,Valores!E:F,2,0),"Cumple","No cumple"),"PTE") -> Cumple | X9: 24885
A10: 45663 | B10: =TEXT(A10,"mmmm") -> enero | C10: 2380 | D10: Venta | E10: Juan Carlos Urbano | F10: TECU2FNG | G10: =IFERROR(VLOOKUP(F10,Productos!$A$2:$D$258,2,0)," ") -> Electric Standing Desk GO Negro | H10: 1 | I10: =IFERROR(VLOOKUP(F10,Productos!$A$2:$D$258,3,0)," ") -> Standing Desk | J10: Bogotá y alrededores | K10: Bogota | L10: =IF(O10>0,"Despachado","En alistamiento") -> Despachado | M10: Coordinadora | N10: 3003131 -84151097381 | O10: 45664 | P10: 45665 | Q10: =IF(P10>0,"Entregado","En transito") -> Entregado | R10: =IF(L10="Despachado",NETWORKDAYS.INTL(A10,O10,11,Valores!$A$2:$A$18)-1,"PTE") -> 0 | S10: =IF(Q10="Entregado",NETWORKDAYS.INTL(A10,P10,11,Valores!$A$2:$A$18)-1,"PTE") -> 1 | V10: =IF(Q10="Entregado",IF(S10<=VLOOKUP(K10,Valores!E:F,2,0),"Cumple","No cumple"),"PTE") -> Cumple | X10: 41593
A11: 45663 | B11: =TEXT(A11,"mmmm") -> enero | C11: 2380 | D11: Venta | E11: Juan Carlos Urbano | F11: TECUTCO4C | G11: =IFERROR(VLOOKUP(F11,Productos!$A$2:$D$258,2,0)," ") -> Superficie Caramelo 140x70 Clasico | H11: 1 | I11: =IFERROR(VLOOKUP(F11,Productos!$A$2:$D$258,3,0)," ") -> Superficie | J11: Bogotá y alrededores | K11: Bogota | L11: =IF(O11>0,"Despachado","En alistamiento") -> Despachado | M11: Coordinadora | N11: 3003134 -84151097383 | O11: 45664 | P11: 45666 | Q11: =IF(P11>0,"Entregado","En transito") -> Entregado | R11: =IF(L11="Despachado",NETWORKDAYS.INTL(A11,O11,11,Valores!$A$2:$A$18)-1,"PTE") -> 0 | S11: =IF(Q11="Entregado",NETWORKDAYS.INTL(A11,P11,11,Valores!$A$2:$A$18)-1,"PTE") -> 2 | V11: =IF(Q11="Entregado",IF(S11<=VLOOKUP(K11,Valores!E:F,2,0),"Cumple","No cumple"),"PTE") -> Cumple | X11: 24093
A12: 45663 | B12: =TEXT(A12,"mmmm") -> enero | C12: 2380 | D12: Venta | E12: Juan Carlos Urbano | F12: TECUCT | G12: =IFERROR(VLOOKUP(F12,Productos!$A$2:$D$258,2,0)," ") -> Bandeja de cables | H12: 1 | I12: =IFERROR(VLOOKUP(F12,Productos!$A$2:$D$258,3,0)," ") -> Accesorio | J12: Bogotá y alrededores | K12: Bogota | L12: =IF(O12>0,"Despachado","En alistamiento") -> Despachado | M12: Coordinadora | N12: 3003144 -84151097390 | O12: 45664 | P12: 45666 | Q12: =IF(P12>0,"Entregado","En transito") -> Entregado | R12: =IF(L12="Despachado",NETWORKDAYS.INTL(A12,O12,11,Valores!$A$2:$A$18)-1,"PTE") -> 0 | S12: =IF(Q12="Entregado",NETWORKDAYS.INTL(A12,P12,11,Valores!$A$2:$A$18)-1,"PTE") -> 2 | V12: =IF(Q12="Entregado",IF(S12<=VLOOKUP(K12,Valores!E:F,2,0),"Cumple","No cumple"),"PTE") -> Cumple | X12: 24885
A13: 45663 | B13: =TEXT(A13,"mmmm") -> enero | C13: 2381 | D13: Venta | E13: Julian Cujabante Villamil | F13: TECULFN2 | G13: =IFERROR(VLOOKUP(F13,Productos!$A$2:$D$258,2,0)," ") -> Electric Standing Desk En L Frame Negro 2.0 | H13: 1 | I13: =IFERROR(VLOOKUP(F13,Productos!$A$2:$D$258,3,0)," ") -> Standing Desk | J13: Bogotá y alrededores | K13: Bogota | L13: =IF(O13>0,"Despachado","En alistamiento") -> Despachado | M13: Coordinadora | N13: 3006368 -84151099224 | O13: 45665 | P13: 45667 | Q13: =IF(P13>0,"Entregado","En transito") -> Entregado | R13: =IF(L13="Despachado",NETWORKDAYS.INTL(A13,O13,11,Valores!$A$2:$A$18)-1,"PTE") -> 1 | S13: =IF(Q13="Entregado",NETWORKDAYS.INTL(A13,P13,11,Valores!$A$2:$A$18)-1,"PTE") -> 3 | V13: =IF(Q13="Entregado",IF(S13<=VLOOKUP(K13,Valores!E:F,2,0),"Cumple","No cumple"),"PTE") -> Cumple | X13: 62530
A14: 45663 | B14: =TEXT(A14,"mmmm") -> enero | C14: 2381 | D14: Venta | E14: Julian Cujabante Villamil | F14: TECUTLRNS | G14: =IFERROR(VLOOKUP(F14,Productos!$A$2:$D$258,2,0)," ") -> Superficie en L Roble Negro 180x150cm x 70 | H14: 1 | I14: =IFERROR(VLOOKUP(F14,Productos!$A$2:$D$258,3,0)," ") -> Superficie | J14: Bogotá y alrededores | K14: Bogota | L14: =IF(O14>0,"Despachado","En alistamiento") -> Despachado | M14: Coordinadora | N14: 3006370 -84151099227 | O14: 45665 | P14: 45667 | Q14: =IF(P14>0,"Entregado","En transito") -> Entregado | R14: =IF(L14="Despachado",NETWORKDAYS.INTL(A14,O14,11,Valores!$A$2:$A$18)-1,"PTE") -> 1 | S14: =IF(Q14="Entregado",NETWORKDAYS.INTL(A14,P14,11,Valores!$A$2:$A$18)-1,"PTE") -> 3 | V14: =IF(Q14="Entregado",IF(S14<=VLOOKUP(K14,Valores!E:F,2,0),"Cumple","No cumple"),"PTE") -> Cumple | X14: 26749
A15: 45663 | B15: =TEXT(A15,"mmmm") -> enero | C15: 2381 | D15: Venta | E15: Julian Cujabante Villamil | F15: TECUCT | G15: =IFERROR(VLOOKUP(F15,Productos!$A$2:$D$258,2,0)," ") -> Bandeja de cables | H15: 1 | I15: =IFERROR(VLOOKUP(F15,Productos!$A$2:$D$258,3,0)," ") -> Accesorio | J15: Bogotá y alrededores | K15: Bogota | L15: =IF(O15>0,"Despachado","En alistamiento") -> Despachado | M15: Coordinadora | N15: 3006387 -84151099241 | O15: 45665 | P15: 45666 | Q15: =IF(P15>0,"Entregado","En transito") -> Entregado | R15: =IF(L15="Despachado",NETWORKDAYS.INTL(A15,O15,11,Valores!$A$2:$A$18)-1,"PTE") -> 1 | S15: =IF(Q15="Entregado",NETWORKDAYS.INTL(A15,P15,11,Valores!$A$2:$A$18)-1,"PTE") -> 2 | V15: =IF(Q15="Entregado",IF(S15<=VLOOKUP(K15,Valores!E:F,2,0),"Cumple","No cumple"),"PTE") -> Cumple | X15: 24885
A16: 45663 | B16: =TEXT(A16,"mmmm") -> enero | C16: 2381 | D16: Venta | E16: Julian Cujabante Villamil | F16: TECUTBANPI | G16: =IFERROR(VLOOKUP(F16,Productos!$A$2:$D$258,2,0)," ") -> Bandeja Piano | H16: 1 | I16: =IFERROR(VLOOKUP(F16,Productos!$A$2:$D$258,3,0)," ") -> Accesorio | J16: Bogotá y alrededores | K16: Bogota | L16: =IF(O16>0,"Despachado","En alistamiento") -> Despachado | M16: Coordinadora | N16: 3006380 -84151099237 | O16: 45665 | P16: 45667 | Q16: =IF(P16>0,"Entregado","En transito") -> Entregado | R16: =IF(L16="Despachado",NETWORKDAYS.INTL(A16,O16,11,Valores!$A$2:$A$18)-1,"PTE") -> 1 | S16: =IF(Q16="Entregado",NETWORKDAYS.INTL(A16,P16,11,Valores!$A$2:$A$18)-1,"PTE") -> 3 | V16: =IF(Q16="Entregado",IF(S16<=VLOOKUP(K16,Valores!E:F,2,0),"Cumple","No cumple"),"PTE") -> Cumple | X16: 39225
A17: 45663 | B17: =TEXT(A17,"mmmm") -> enero | C17: 2381 | D17: Venta | E17: Julian Cujabante Villamil | G17: Servicio de instalacion | H17: 1 | I17: Instalacion | J17: Bogotá y alrededores | K17: Bogota | L17: Instalacion | M17: NA | N17: NA | O17: NA | P17: NA | Q17: =IF(P17>0,"Entregado","En transito") -> Entregado | R17: =IF(L17="Despachado",NETWORKDAYS.INTL(A17,O17,11,Valores!$A$2:$A$18)-1,"PTE") -> PTE | S17: =IF(Q17="Entregado",NETWORKDAYS.INTL(A17,P17,11,Valores!$A$2:$A$18)-1,"PTE") -> #VALUE! | V17: =IF(Q17="Entregado",IF(S17<=VLOOKUP(K17,Valores!E:F,2,0),"Cumple","No cumple"),"PTE") -> #VALUE! | X17: 0
A18: 45664 | B18: =TEXT(A18,"mmmm") -> enero | C18: 2382 | D18: Venta | E18: Henry De Alba | F18: TECU2FNG | G18: =IFERROR(VLOOKUP(F18,Productos!$A$2:$D$258,2,0)," ") -> Electric Standing Desk GO Negro | H18: 1 | I18: =IFERROR(VLOOKUP(F18,Productos!$A$2:$D$258,3,0)," ") -> Standing Desk | J18: Atlantico | K18: Barranquilla | L18: =IF(O18>0,"Despachado","En alistamiento") -> Despachado | M18: Coordinadora | N18: 3008585 -84151100462 | O18: 45666 | P18: 45668 | Q18: =IF(P18>0,"Entregado","En transito") -> Entregado | R18: =IF(L18="Despachado",NETWORKDAYS.INTL(A18,O18,11,Valores!$A$2:$A$18)-1,"PTE") -> 2 | S18: =IF(Q18="Entregado",NETWORKDAYS.INTL(A18,P18,11,Valores!$A$2:$A$18)-1,"PTE") -> 4 | V18: =IF(Q18="Entregado",IF(S18<=VLOOKUP(K18,Valores!E:F,2,0),"Cumple","No cumple"),"PTE") -> Cumple | X18: 59835
A19: 45664 | B19: =TEXT(A19,"mmmm") -> enero | C19: 2382 | D19: Venta | E19: Henry De Alba | F19: TECUTRN2C | G19: =IFERROR(VLOOKUP(F19,Productos!$A$2:$D$258,2,0)," ") -> Superficie Roble Negro 120x70 Clasico Small | H19: 1 | I19: =IFERROR(VLOOKUP(F19,Productos!$A$2:$D$258,3,0)," ") -> Superficie | J19: Atlantico | K19: Barranquilla | L19: =IF(O19>0,"Despachado","En alistamiento") -> Despachado | M19: Coordinadora | N19: 3008587 -84151100464 | O19: 45666 | P19: 45668 | Q19: =IF(P19>0,"Entregado","En transito") -> Entregado | R19: =IF(L19="Despachado",NETWORKDAYS.INTL(A19,O19,11,Valores!$A$2:$A$18)-1,"PTE") -> 2 | S19: =IF(Q19="Entregado",NETWORKDAYS.INTL(A19,P19,11,Valores!$A$2:$A$18)-1,"PTE") -> 4 | V19: =IF(Q19="Entregado",IF(S19<=VLOOKUP(K19,Valores!E:F,2,0),"Cumple","No cumple"),"PTE") -> Cumple | X19: 39078
A20: 45664 | B20: =TEXT(A20,"mmmm") -> enero | C20: 2383 | D20: Venta | E20: Carlos Andres Polanco Triana | F20: TECU3FNPRO | G20: =IFERROR(VLOOKUP(F20,Productos!$A$2:$D$258,2,0)," ") -> Electric Standing Desk PRO Negro | H20: 1 | I20: =IFERROR(VLOOKUP(F20,Productos!$A$2:$D$258,3,0)," ") -> Standing Desk | J20: Huila | K20: Neiva | L20: =IF(O20>0,"Despachado","En alistamiento") -> Despachado | M20: Coordinadora | N20: 3008595 -84151100470 | O20: 45666 | P20: 45668 | Q20: =IF(P20>0,"Entregado","En transito") -> Entregado | R20: =IF(L20="Despachado",NETWORKDAYS.INTL(A20,O20,11,Valores!$A$2:$A$18)-1,"PTE") -> 2 | S20: =IF(Q20="Entregado",NETWORKDAYS.INTL(A20,P20,11,Valores!$A$2:$A$18)-1,"PTE") -> 4 | V20: =IF(Q20="Entregado",IF(S20<=VLOOKUP(K20,Valores!E:F,2,0),"Cumple","No cumple"),"PTE") -> Cumple | X20: 62467
A21: 45664 | B21: =TEXT(A21,"mmmm") -> enero | C21: 2383 | D21: Venta | E21: Carlos Andres Polanco Triana | F21: TECUTCO4C | G21: =IFERROR(VLOOKUP(F21,Productos!$A$2:$D$258,2,0)," ") -> Superficie Caramelo 140x70 Clasico | H21: 1 | I21: =IFERROR(VLOOKUP(F21,Productos!$A$2:$D$258,3,0)," ") -> Superficie | J21: Huila | K21: Neiva | L21: =IF(O21>0,"Despachado","En alistamiento") -> Despachado | M21: Coordinadora | N21: 3008596 -84151100471 | O21: 45666 | P21: 45668 | Q21: =IF(P21>0,"Entregado","En transito") -> Entregado | R21: =IF(L21="Despachado",NETWORKDAYS.INTL(A21,O21,11,Valores!$A$2:$A$18)-1,"PTE") -> 2 | S21: =IF(Q21="Entregado",NETWORKDAYS.INTL(A21,P21,11,Valores!$A$2:$A$18)-1,"PTE") -> 4 | V21: =IF(Q21="Entregado",IF(S21<=VLOOKUP(K21,Valores!E:F,2,0),"Cumple","No cumple"),"PTE") -> Cumple | X21: 39078
A22: 45665 | B22: =TEXT(A22,"mmmm") -> enero | C22: 2384 | D22: Venta | E22: Samuel Antonio Cabezas Tibaquicha | F22: TECU3FNPRO | G22: =IFERROR(VLOOKUP(F22,Productos!$A$2:$D$258,2,0)," ") -> Electric Standing Desk PRO Negro | H22: 1 | I22: =IFERROR(VLOOKUP(F22,Productos!$A$2:$D$258,3,0)," ") -> Standing Desk | J22: Bogotá y alrededores | K22: Cota | L22: =IF(O22>0,"Despachado","En alistamiento") -> Despachado | M22: Coordinadora | N22: 3006418 -84151099260 | O22: 45665 | P22: 45666 | Q22: =IF(P22>0,"Entregado","En transito") -> Entregado | R22: =IF(L22="Despachado",NETWORKDAYS.INTL(A22,O22,11,Valores!$A$2:$A$18)-1,"PTE") -> 0 | S22: =IF(Q22="Entregado",NETWORKDAYS.INTL(A22,P22,11,Valores!$A$2:$A$18)-1,"PTE") -> 1 | V22: =IF(Q22="Entregado",IF(S22<=VLOOKUP(K22,Valores!E:F,2,0),"Cumple","No cumple"),"PTE") -> Cumple | X22: 42921
A23: 45665 | B23: =TEXT(A23,"mmmm") -> enero | C23: 2384 | D23: Venta | E23: Samuel Antonio Cabezas Tibaquicha | F23: TECUDSN | G23: =IFERROR(VLOOKUP(F23,Productos!$A$2:$D$258,2,0)," ") -> Desk Stool Negra Silla ajustable | H23: 1 | I23: =IFERROR(VLOOKUP(F23,Productos!$A$2:$D$258,3,0)," ") -> Silla | J23: Bogotá y alrededores | K23: Cota | L23: =IF(O23>0,"Despachado","En alistamiento") -> Despachado | M23: Coordinadora | N23: 3006424 -84151099263 | O23: 45665 | P23: 45666 | Q23: =IF(P23>0,"Entregado","En transito") -> Entregado | R23: =IF(L23="Despachado",NETWORKDAYS.INTL(A23,O23,11,Valores!$A$2:$A$18)-1,"PTE") -> 0 | S23: =IF(Q23="Entregado",NETWORKDAYS.INTL(A23,P23,11,Valores!$A$2:$A$18)-1,"PTE") -> 1 | V23: =IF(Q23="Entregado",IF(S23<=VLOOKUP(K23,Valores!E:F,2,0),"Cumple","No cumple"),"PTE") -> Cumple | X23: 26609
A24: 45665 | B24: =TEXT(A24,"mmmm") -> enero | C24: 2385 | D24: Venta | E24: Diana Ruiz | F24: TECU3FNPRO | G24: =IFERROR(VLOOKUP(F24,Productos!$A$2:$D$258,2,0)," ") -> Electric Standing Desk PRO Negro | H24: 1 | I24: =IFERROR(VLOOKUP(F24,Productos!$A$2:$D$258,3,0)," ") -> Standing Desk | J24: Bogotá y alrededores | K24: Bogota | L24: =IF(O24>0,"Despachado","En alistamiento") -> Despachado | M24: Coordinadora | N24: 3009172 -84151100736 | O24: 45666 | P24: 45667 | Q24: =IF(P24>0,"Entregado","En transito") -> Entregado | R24: =IF(L24="Despachado",NETWORKDAYS.INTL(A24,O24,11,Valores!$A$2:$A$18)-1,"PTE") -> 1 | S24: =IF(Q24="Entregado",NETWORKDAYS.INTL(A24,P24,11,Valores!$A$2:$A$18)-1,"PTE") -> 2 | V24: =IF(Q24="Entregado",IF(S24<=VLOOKUP(K24,Valores!E:F,2,0),"Cumple","No cumple"),"PTE") -> Cumple | X24: 42921
A25: 45665 | B25: =TEXT(A25,"mmmm") -> enero | C25: 2385 | D25: Venta | E25: Diana Ruiz | F25: TECUTFE4C | G25: =IFERROR(VLOOKUP(F25,Productos!$A$2:$D$258,2,0)," ") -> Superficie Fresno Europeo 140x70 Clasico | H25: 1 | I25: =IFERROR(VLOOKUP(F25,Productos!$A$2:$D$258,3,0)," ") -> Superficie | J25: Bogotá y alrededores | K25: Bogota | L25: =IF(O25>0,"Despachado","En alistamiento") -> Despachado | M25: Coordinadora | N25: 3009173 -84151100737 | O25: 45666 | P25: 45667 | Q25: =IF(P25>0,"Entregado","En transito") -> Entregado | R25: =IF(L25="Despachado",NETWORKDAYS.INTL(A25,O25,11,Valores!$A$2:$A$18)-1,"PTE") -> 1 | S25: =IF(Q25="Entregado",NETWORKDAYS.INTL(A25,P25,11,Valores!$A$2:$A$18)-1,"PTE") -> 2 | V25: =IF(Q25="Entregado",IF(S25<=VLOOKUP(K25,Valores!E:F,2,0),"Cumple","No cumple"),"PTE") -> Cumple | X25: 24093
A26: 45665 | B26: =TEXT(A26,"mmmm") -> enero | C26: 2386 | D26: Venta | E26: Samuel Vélez Sanín | F26: TECU2FNG | G26: =IFERROR(VLOOKUP(F26,Productos!$A$2:$D$258,2,0)," ") -> Electric Standing Desk GO Negro | H26: 1 | I26: =IFERROR(VLOOKUP(F26,Productos!$A$2:$D$258,3,0)," ") -> Standing Desk | J26: Antioquia | K26: Envigado | L26: =IF(O26>0,"Despachado","En alistamiento") -> Despachado | M26: Coordinadora | N26: 3008732 -84151100542 | O26: 45666 | P26: 45667 | Q26: =IF(P26>0,"Entregado","En transito") -> Entregado | R26: =IF(L26="Despachado",NETWORKDAYS.INTL(A26,O26,11,Valores!$A$2:$A$18)-1,"PTE") -> 1 | S26: =IF(Q26="Entregado",NETWORKDAYS.INTL(A26,P26,11,Valores!$A$2:$A$18)-1,"PTE") -> 2 | V26: =IF(Q26="Entregado",IF(S26<=VLOOKUP(K26,Valores!E:F,2,0),"Cumple","No cumple"),"PTE") -> Cumple | X26: 41593
A27: 45665 | B27: =TEXT(A27,"mmmm") -> enero | C27: 2386 | D27: Venta | E27: Samuel Vélez Sanín | F27: TECUTFE2C | G27: =IFERROR(VLOOKUP(F27,Productos!$A$2:$D$258,2,0)," ") -> Superficie Fresno Europeo 120x70 Clasico Small | H27: 1 | I27: =IFERROR(VLOOKUP(F27,Productos!$A$2:$D$258,3,0)," ") -> Superficie | J27: Antioquia | K27: Envigado | L27: =IF(O27>0,"Despachado","En alistamiento") -> Despachado | M27: Coordinadora | N27: 3008734 -84151100543 | O27: 45666 | P27: 45668 | Q27: =IF(P27>0,"Entregado","En transito") -> Entregado | R27: =IF(L27="Despachado",NETWORKDAYS.INTL(A27,O27,11,Valores!$A$2:$A$18)-1,"PTE") -> 1 | S27: =IF(Q27="Entregado",NETWORKDAYS.INTL(A27,P27,11,Valores!$A$2:$A$18)-1,"PTE") -> 3 | V27: =IF(Q27="Entregado",IF(S27<=VLOOKUP(K27,Valores!E:F,2,0),"Cumple","No cumple"),"PTE") -> Cumple | X27: 24093
A28: 45665 | B28: =TEXT(A28,"mmmm") -> enero | C28: 2387 | D28: Venta | E28: Miguel Saavedra | F28: TECUACO | G28: =IFERROR(VLOOKUP(F28,Productos!$A$2:$D$258,2,0)," ") -> Archivador TECU Caramelo | H28: 1 | I28: =IFERROR(VLOOKUP(F28,Productos!$A$2:$D$258,3,0)," ") -> Archivador | J28: Bogotá y alrededores | K28: Bogota | L28: =IF(O28>0,"Despachado","En alistamiento") -> Despachado | M28: Envia | N28: 3006909 -954101121278 | O28: 45665 | P28: 45666 | Q28: =IF(P28>0,"Entregado","En transito") -> Entregado | R28: =IF(L28="Despachado",NETWORKDAYS.INTL(A28,O28,11,Valores!$A$2:$A$18)-1,"PTE") -> 0 | S28: =IF(Q28="Entregado",NETWORKDAYS.INTL(A28,P28,11,Valores!$A$2:$A$18)-1,"PTE") -> 1 | V28: =IF(Q28="Entregado",IF(S28<=VLOOKUP(K28,Valores!E:F,2,0),"Cumple","No cumple"),"PTE") -> Cumple | X28: 70717
A29: 45666 | B29: =TEXT(A29,"mmmm") -> enero | C29: 2388 | D29: Venta | E29: CAROLINA RAMIREZ RESTREPO | F29: TECU2FNG | G29: =IFERROR(VLOOKUP(F29,Productos!$A$2:$D$258,2,0)," ") -> Electric Standing Desk GO Negro | H29: 1 | I29: =IFERROR(VLOOKUP(F29,Productos!$A$2:$D$258,3,0)," ") -> Standing Desk | J29: Antioquia | K29: Carmen de Viboral | L29: =IF(O29>0,"Despachado","En alistamiento") -> Despachado | M29: Coordinadora | N29: 3008988 -84151100690 | O29: 45666 | P29: 45681 | Q29: =IF(P29>0,"Entregado","En transito") -> Entregado | R29: =IF(L29="Despachado",NETWORKDAYS.INTL(A29,O29,11,Valores!$A$2:$A$18)-1,"PTE") -> 0 | S29: =IF(Q29="Entregado",NETWORKDAYS.INTL(A29,P29,11,Valores!$A$2:$A$18)-1,"PTE") -> 13 | V29: =IF(Q29="Entregado",IF(S29<=VLOOKUP(K29,Valores!E:F,2,0),"Cumple","No cumple"),"PTE") -> No cumple | X29: 112444 | AA29: Novedad - Se envia a oto pueblo por error en Shopify generar guias // se solicita devolucion a la bodega
A30: 45666 | B30: =TEXT(A30,"mmmm") -> enero | C30: 2388 | D30: Venta | E30: CAROLINA RAMIREZ RESTREPO | F30: TECUTCO6C | G30: =IFERROR(VLOOKUP(F30,Productos!$A$2:$D$258,2,0)," ") -> Superficie Caramelo 160x70 Clasico | H30: 1 | I30: =IFERROR(VLOOKUP(F30,Productos!$A$2:$D$258,3,0)," ") -> Superficie | J30: Antioquia | K30: Carmen de Viboral | L30: =IF(O30>0,"Despachado","En alistamiento") -> Despachado | M30: Coordinadora | N30: 3008990 -84151100691 | O30: 45666 | P30: 45681 | Q30: =IF(P30>0,"Entregado","En transito") -> Entregado | R30: =IF(L30="Despachado",NETWORKDAYS.INTL(A30,O30,11,Valores!$A$2:$A$18)-1,"PTE") -> 0 | S30: =IF(Q30="Entregado",NETWORKDAYS.INTL(A30,P30,11,Valores!$A$2:$A$18)-1,"PTE") -> 13 | V30: =IF(Q30="Entregado",IF(S30<=VLOOKUP(K30,Valores!E:F,2,0),"Cumple","No cumple"),"PTE") -> No cumple | X30: 98264 | AA30: Novedad - Se envia a oto pueblo por error en Shopify generar guias // se solicita devolucion a la bodega
A31: 45666 | B31: =TEXT(A31,"mmmm") -> enero | C31: 2389 | D31: Venta | E31: Alexander Gomez Chaparro | F31: TECULFN2 | G31: =IFERROR(VLOOKUP(F31,Productos!$A$2:$D$258,2,0)," ") -> Electric Standing Desk En L Frame Negro 2.0 | H31: 1 | I31: =IFERROR(VLOOKUP(F31,Productos!$A$2:$D$258,3,0)," ") -> Standing Desk | J31: Boyaca | K31: Tunja | L31: =IF(O31>0,"Despachado","En alistamiento") -> Despachado | M31: Coordinadora | N31: 3011856 -84151101651 | O31: 45667 | P31: 45670 | Q31: =IF(P31>0,"Entregado","En transito") -> Entregado | R31: =IF(L31="Despachado",NETWORKDAYS.INTL(A31,O31,11,Valores!$A$2:$A$18)-1,"PTE") -> 1 | S31: =IF(Q31="Entregado",NETWORKDAYS.INTL(A31,P31,11,Valores!$A$2:$A$18)-1,"PTE") -> 3 | V31: =IF(Q31="Entregado",IF(S31<=VLOOKUP(K31,Valores!E:F,2,0),"Cumple","No cumple"),"PTE") -> Cumple | X31: 96409
A32: 45666 | B32: =TEXT(A32,"mmmm") -> enero | C32: 2389 | D32: Venta | E32: Alexander Gomez Chaparro | F32: TECUTLNS | G32: =IFERROR(VLOOKUP(F32,Productos!$A$2:$D$258,2,0)," ") -> Superficie en L Negro 180x150cm x 70 | H32: 1 | I32: =IFERROR(VLOOKUP(F32,Productos!$A$2:$D$258,3,0)," ") -> Superficie | J32: Boyaca | K32: Tunja | L32: =IF(O32>0,"Despachado","En alistamiento") -> Despachado | M32: Coordinadora | N32: 3011858 -84151101652 | O32: 45667 | P32: 45670 | Q32: =IF(P32>0,"Entregado","En transito") -> Entregado | R32: =IF(L32="Despachado",NETWORKDAYS.INTL(A32,O32,11,Valores!$A$2:$A$18)-1,"PTE") -> 1 | S32: =IF(Q32="Entregado",NETWORKDAYS.INTL(A32,P32,11,Valores!$A$2:$A$18)-1,"PTE") -> 3 | V32: =IF(Q32="Entregado",IF(S32<=VLOOKUP(K32,Valores!E:F,2,0),"Cumple","No cumple"),"PTE") -> Cumple | X32: 44340
A33: 45666 | B33: =TEXT(A33,"mmmm") -> enero | C33: 2390 | D33: Venta | E33: Alexander Gomez Chaparro | F33: TECUCT | G33: =IFERROR(VLOOKUP(F33,Productos!$A$2:$D$258,2,0)," ") -> Bandeja de cables | H33: 1 | I33: =IFERROR(VLOOKUP(F33,Productos!$A$2:$D$258,3,0)," ") -> Accesorio | J33: Boyaca | K33: Tunja | L33: =IF(O33>0,"Despachado","En alistamiento") -> Despachado | M33: Coordinadora | N33: 3011897 -84151101678 | O33: 45667 | P33: 45670 | Q33: =IF(P33>0,"Entregado","En transito") -> Entregado | R33: =IF(L33="Despachado",NETWORKDAYS.INTL(A33,O33,11,Valores!$A$2:$A$18)-1,"PTE") -> 1 | S33: =IF(Q33="Entregado",NETWORKDAYS.INTL(A33,P33,11,Valores!$A$2:$A$18)-1,"PTE") -> 3 | V33: =IF(Q33="Entregado",IF(S33<=VLOOKUP(K33,Valores!E:F,2,0),"Cumple","No cumple"),"PTE") -> Cumple
A34: 45666 | B34: =TEXT(A34,"mmmm") -> enero | C34: 2390 | D34: Venta | E34: Alexander Gomez Chaparro | F34: TECUBDPA | G34: =IFERROR(VLOOKUP(F34,Productos!$A$2:$D$258,2,0)," ") -> Desk Pad B Negro Azul | H34: 1 | I34: =IFERROR(VLOOKUP(F34,Productos!$A$2:$D$258,3,0)," ") -> Accesorio | J34: Boyaca | K34: Tunja | L34: =IF(O34>0,"Despachado","En alistamiento") -> Despachado | M34: Coordinadora | N34: 3011889 -84151101671 | O34: 45667 | P34: 45670 | Q34: =IF(P34>0,"Entregado","En transito") -> Entregado | R34: =IF(L34="Despachado",NETWORKDAYS.INTL(A34,O34,11,Valores!$A$2:$A$18)-1,"PTE") -> 1 | S34: =IF(Q34="Entregado",NETWORKDAYS.INTL(A34,P34,11,Valores!$A$2:$A$18)-1,"PTE") -> 3 | V34: =IF(Q34="Entregado",IF(S34<=VLOOKUP(K34,Valores!E:F,2,0),"Cumple","No cumple"),"PTE") -> Cumple | X34: 16617
A35: 45666 | B35: =TEXT(A35,"mmmm") -> enero | C35: 2390 | D35: Venta | E35: Alexander Gomez Chaparro | F35: TECUDSN | G35: =IFERROR(VLOOKUP(F35,Productos!$A$2:$D$258,2,0)," ") -> Desk Stool Negra Silla ajustable | H35: 1 | I35: =IFERROR(VLOOKUP(F35,Productos!$A$2:$D$258,3,0)," ") -> Silla | J35: Boyaca | K35: Tunja | L35: =IF(O35>0,"Despachado","En alistamiento") -> Despachado | M35: Coordinadora | N35: 3011879 -84151101661 | O35: 45667 | P35: 45670 | Q35: =IF(P35>0,"Entregado","En transito") -> Entregado | R35: =IF(L35="Despachado",NETWORKDAYS.INTL(A35,O35,11,Valores!$A$2:$A$18)-1,"PTE") -> 1 | S35: =IF(Q35="Entregado",NETWORKDAYS.INTL(A35,P35,11,Valores!$A$2:$A$18)-1,"PTE") -> 3 | V35: =IF(Q35="Entregado",IF(S35<=VLOOKUP(K35,Valores!E:F,2,0),"Cumple","No cumple"),"PTE") -> Cumple | X35: 40942
A36: 45666 | B36: =TEXT(A36,"mmmm") -> enero | C36: 2390 | D36: Venta | E36: Alexander Gomez Chaparro | F36: TECURN | G36: =IFERROR(VLOOKUP(F36,Productos!$A$2:$D$258,2,0)," ") -> Repisa Negro | H36: 1 | I36: =IFERROR(VLOOKUP(F36,Productos!$A$2:$D$258,3,0)," ") -> Repisa | J36: Boyaca | K36: Tunja | L36: =IF(O36>0,"Despachado","En alistamiento") -> Despachado | M36: Coordinadora | N36: NA | O36: 45667 | P36: 45670 | Q36: =IF(P36>0,"Entregado","En transito") -> Entregado | R36: =IF(L36="Despachado",NETWORKDAYS.INTL(A36,O36,11,Valores!$A$2:$A$18)-1,"PTE") -> 1 | S36: =IF(Q36="Entregado",NETWORKDAYS.INTL(A36,P36,11,Valores!$A$2:$A$18)-1,"PTE") -> 3 | V36: =IF(Q36="Entregado",IF(S36<=VLOOKUP(K36,Valores!E:F,2,0),"Cumple","No cumple"),"PTE") -> Cumple
A37: 45666 | B37: =TEXT(A37,"mmmm") -> enero | C37: 2391 | D37: Venta | E37: Alexander Gomez Chaparro | F37: TECUCT | G37: =IFERROR(VLOOKUP(F37,Productos!$A$2:$D$258,2,0)," ") -> Bandeja de cables | H37: 1 | I37: =IFERROR(VLOOKUP(F37,Productos!$A$2:$D$258,3,0)," ") -> Accesorio | J37: Boyaca | K37: Tunja | L37: =IF(O37>0,"Despachado","En alistamiento") -> Despachado | M37: Coordinadora | N37: 3011897 -84151101678 | O37: 45667 | P37: 45670 | Q37: =IF(P37>0,"Entregado","En transito") -> Entregado | R37: =IF(L37="Despachado",NETWORKDAYS.INTL(A37,O37,11,Valores!$A$2:$A$18)-1,"PTE") -> 1 | S37: =IF(Q37="Entregado",NETWORKDAYS.INTL(A37,P37,11,Valores!$A$2:$A$18)-1,"PTE") -> 3 | V37: =IF(Q37="Entregado",IF(S37<=VLOOKUP(K37,Valores!E:F,2,0),"Cumple","No cumple"),"PTE") -> Cumple | X37: 24885
A38: 45667 | B38: =TEXT(A38,"mmmm") -> enero | C38: 2392 | D38: Venta | E38: David Cadavid | F38: TECU3FNPRO | G38: =IFERROR(VLOOKUP(F38,Productos!$A$2:$D$258,2,0)," ") -> Electric Standing Desk PRO Negro | H38: 1 | I38: =IFERROR(VLOOKUP(F38,Productos!$A$2:$D$258,3,0)," ") -> Standing Desk | J38: Antioquia | K38: Envigado | L38: =IF(O38>0,"Despachado","En alistamiento") -> Despachado | M38: Coordinadora | N38: 3015845 -84151103419 | O38: 45670.7 | P38: 45671.644 | Q38: =IF(P38>0,"Entregado","En transito") -> Entregado | R38: =IF(L38="Despachado",NETWORKDAYS.INTL(A38,O38,11,Valores!$A$2:$A$18)-1,"PTE") -> 2 | S38: =IF(Q38="Entregado",NETWORKDAYS.INTL(A38,P38,11,Valores!$A$2:$A$18)-1,"PTE") -> 3 | V38: =IF(Q38="Entregado",IF(S38<=VLOOKUP(K38,Valores!E:F,2,0),"Cumple","No cumple"),"PTE") -> Cumple | X38: =VLOOKUP(N38,[1]Hoja1!$G:$BE,39,0) -> 42921
A39: 45667 | B39: =TEXT(A39,"mmmm") -> enero | C39: 2392 | D39: Venta | E39: David Cadavid | F39: TECUTCO8C | G39: =IFERROR(VLOOKUP(F39,Productos!$A$2:$D$258,2,0)," ") -> Superficie Caramelo 180x70 Clasico | H39: 1 | I39: =IFERROR(VLOOKUP(F39,Productos!$A$2:$D$258,3,0)," ") -> Superficie | J39: Antioquia | K39: Envigado | L39: =IF(O39>0,"Despachado","En alistamiento") -> Despachado | M39: Coordinadora | N39: 3015847 -84151103420 | O39: 45670.7 | P39: 45671.644 | Q39: =IF(P39>0,"Entregado","En transito") -> Entregado | R39: =IF(L39="Despachado",NETWORKDAYS.INTL(A39,O39,11,Valores!$A$2:$A$18)-1,"PTE") -> 2 | S39: =IF(Q39="Entregado",NETWORKDAYS.INTL(A39,P39,11,Valores!$A$2:$A$18)-1,"PTE") -> 3 | V39: =IF(Q39="Entregado",IF(S39<=VLOOKUP(K39,Valores!E:F,2,0),"Cumple","No cumple"),"PTE") -> Cumple | X39: =VLOOKUP(N39,[1]Hoja1!$G:$BE,39,0) -> 26749
A40: 45667 | B40: =TEXT(A40,"mmmm") -> enero | C40: 2392 | D40: Venta | E40: David Cadavid | F40: TECUCT | G40: =IFERROR(VLOOKUP(F40,Productos!$A$2:$D$258,2,0)," ") -> Bandeja de cables | H40: 1 | I40: =IFERROR(VLOOKUP(F40,Productos!$A$2:$D$258,3,0)," ") -> Accesorio | J40: Antioquia | K40: Envigado | L40: =IF(O40>0,"Despachado","En alistamiento") -> Despachado | M40: Coordinadora | N40: 3015858 -84151103425 | O40: 45670.7 | P40: 45671.644 | Q40: =IF(P40>0,"Entregado","En transito") -> Entregado | R40: =IF(L40="Despachado",NETWORKDAYS.INTL(A40,O40,11,Valores!$A$2:$A$18)-1,"PTE") -> 2 | S40: =IF(Q40="Entregado",NETWORKDAYS.INTL(A40,P40,11,Valores!$A$2:$A$18)-1,"PTE") -> 3 | V40: =IF(Q40="Entregado",IF(S40<=VLOOKUP(K40,Valores!E:F,2,0),"Cumple","No cumple"),"PTE") -> Cumple | X40: =VLOOKUP(N40,[1]Hoja1!$G:$BE,39,0) -> 24885
A41: 45668 | B41: =TEXT(A41,"mmmm") -> enero | C41: 2393 | D41: Venta | E41: Santiago Garzon Diaz | F41: TECU2FNG | G41: =IFERROR(VLOOKUP(F41,Productos!$A$2:$D$258,2,0)," ") -> Electric Standing Desk GO Negro | H41: 1 | I41: =IFERROR(VLOOKUP(F41,Productos!$A$2:$D$258,3,0)," ") -> Standing Desk | J41: Antioquia | K41: Medellin | L41: =IF(O41>0,"Despachado","En alistamiento") -> Despachado | M41: Coordinadora | N41: 3015877 -84151103435 | O41: 45670.7 | P41: 45671.411 | Q41: =IF(P41>0,"Entregado","En transito") -> Entregado | R41: =IF(L41="Despachado",NETWORKDAYS.INTL(A41,O41,11,Valores!$A$2:$A$18)-1,"PTE") -> 1 | S41: =IF(Q41="Entregado",NETWORKDAYS.INTL(A41,P41,11,Valores!$A$2:$A$18)-1,"PTE") -> 2 | V41: =IF(Q41="Entregado",IF(S41<=VLOOKUP(K41,Valores!E:F,2,0),"Cumple","No cumple"),"PTE") -> Cumple | X41: =VLOOKUP(N41,[1]Hoja1!$G:$BE,39,0) -> 41593
A42: 45668 | B42: =TEXT(A42,"mmmm") -> enero | C42: 2393 | D42: Venta | E42: Santiago Garzon Diaz | G42: Servicio de instalacion | H42: 1 | I42: Instalacion | J42: Antioquia | K42: Medellin | L42: Instalacion | M42: NA | N42: NA | O42: NA | P42: NA | Q42: =IF(P42>0,"Entregado","En transito") -> Entregado | R42: =IF(L42="Despachado",NETWORKDAYS.INTL(A42,O42,11,Valores!$A$2:$A$18)-1,"PTE") -> PTE | S42: =IF(Q42="Entregado",NETWORKDAYS.INTL(A42,P42,11,Valores!$A$2:$A$18)-1,"PTE") -> #VALUE! | V42: =IF(Q42="Entregado",IF(S42<=VLOOKUP(K42,Valores!E:F,2,0),"Cumple","No cumple"),"PTE") -> #VALUE! | X42: 0
A43: 45669 | B43: =TEXT(A43,"mmmm") -> enero | C43: 2394 | D43: Venta | E43: Julian Cajiao | F43: TECU3FNPRO | G43: =IFERROR(VLOOKUP(F43,Productos!$A$2:$D$258,2,0)," ") -> Electric Standing Desk PRO Negro | H43: 1 | I43: =IFERROR(VLOOKUP(F43,Productos!$A$2:$D$258,3,0)," ") -> Standing Desk | J43: Antioquia | K43: Medellin | L43: =IF(O43>0,"Despachado","En alistamiento") -> Despachado | M43: Coordinadora | N43: 3015893 -84151103439 | O43: 45670.7 | P43: 45671.477 | Q43: =IF(P43>0,"Entregado","En transito") -> Entregado | R43: =IF(L43="Despachado",NETWORKDAYS.INTL(A43,O43,11,Valores!$A$2:$A$18)-1,"PTE") -> 0 | S43: =IF(Q43="Entregado",NETWORKDAYS.INTL(A43,P43,11,Valores!$A$2:$A$18)-1,"PTE") -> 1 | V43: =IF(Q43="Entregado",IF(S43<=VLOOKUP(K43,Valores!E:F,2,0),"Cumple","No cumple"),"PTE") -> Cumple | X43: =VLOOKUP(N43,[1]Hoja1!$G:$BE,39,0) -> 42921
A44: 45669 | B44: =TEXT(A44,"mmmm") -> enero | C44: 2394 | D44: Venta | E44: Julian Cajiao | F44: TECUTRN6C | G44: =IFERROR(VLOOKUP(F44,Productos!$A$2:$D$258,2,0)," ") -> Superficie Roble Negro 160x70 Clasico | H44: 1 | I44: =IFERROR(VLOOKUP(F44,Productos!$A$2:$D$258,3,0)," ") -> Superficie | J44: Antioquia | K44: Medellin | L44: =IF(O44>0,"Despachado","En alistamiento") -> Despachado | M44: Coordinadora | N44: 3015895 -84151103441 | O44: 45670.7 | P44: 45671.477 | Q44: =IF(P44>0,"Entregado","En transito") -> Entregado | R44: =IF(L44="Despachado",NETWORKDAYS.INTL(A44,O44,11,Valores!$A$2:$A$18)-1,"PTE") -> 0 | S44: =IF(Q44="Entregado",NETWORKDAYS.INTL(A44,P44,11,Valores!$A$2:$A$18)-1,"PTE") -> 1 | V44: =IF(Q44="Entregado",IF(S44<=VLOOKUP(K44,Valores!E:F,2,0),"Cumple","No cumple"),"PTE") -> Cumple | X44: =VLOOKUP(N44,[1]Hoja1!$G:$BE,39,0) -> 24093
A45: 45669 | B45: =TEXT(A45,"mmmm") -> enero | C45: 2394 | D45: Venta | E45: Julian Cajiao | G45: Servicio de instalacion | H45: 1 | I45: Instalacion | J45: Antioquia | K45: Medellin | L45: Instalacion | M45: NA | N45: NA | O45: NA | P45: NA | Q45: =IF(P45>0,"Entregado","En transito") -> Entregado | R45: =IF(L45="Despachado",NETWORKDAYS.INTL(A45,O45,11,Valores!$A$2:$A$18)-1,"PTE") -> PTE | S45: =IF(Q45="Entregado",NETWORKDAYS.INTL(A45,P45,11,Valores!$A$2:$A$18)-1,"PTE") -> #VALUE! | V45: =IF(Q45="Entregado",IF(S45<=VLOOKUP(K45,Valores!E:F,2,0),"Cumple","No cumple"),"PTE") -> #VALUE! | X45: 0
A46: 45670 | B46: =TEXT(A46,"mmmm") -> enero | C46: 2395 | D46: Venta | E46: Lucas Latorre | F46: TECU3FNPRO | G46: =IFERROR(VLOOKUP(F46,Productos!$A$2:$D$258,2,0)," ") -> Electric Standing Desk PRO Negro | H46: 1 | I46: =IFERROR(VLOOKUP(F46,Productos!$A$2:$D$258,3,0)," ") -> Standing Desk | J46: Santander | K46: Bucaramanga | L46: =IF(O46>0,"Despachado","En alistamiento") -> Despachado | M46: Coordinadora | N46: 3017031 -84151104118 | O46: 45670.7 | P46: 45672.72 | Q46: =IF(P46>0,"Entregado","En transito") -> Entregado | R46: =IF(L46="Despachado",NETWORKDAYS.INTL(A46,O46,11,Valores!$A$2:$A$18)-1,"PTE") -> 0 | S46: =IF(Q46="Entregado",NETWORKDAYS.INTL(A46,P46,11,Valores!$A$2:$A$18)-1,"PTE") -> 2 | V46: =IF(Q46="Entregado",IF(S46<=VLOOKUP(K46,Valores!E:F,2,0),"Cumple","No cumple"),"PTE") -> Cumple | X46: =VLOOKUP(N46,[1]Hoja1!$G:$BE,39,0) -> 56077
A47: 45670 | B47: =TEXT(A47,"mmmm") -> enero | C47: 2395 | D47: Venta | E47: Lucas Latorre | F47: TECUTFE8C | G47: =IFERROR(VLOOKUP(F47,Productos!$A$2:$D$258,2,0)," ") -> Superficie Fresno Europeo 180x70 Clasico | H47: 1 | I47: =IFERROR(VLOOKUP(F47,Productos!$A$2:$D$258,3,0)," ") -> Superficie | J47: Santander | K47: Bucaramanga | L47: =IF(O47>0,"Despachado","En alistamiento") -> Despachado | M47: Coordinadora | N47: 3017033 -84151104119 | O47: 45670.7 | P47: 45672.72 | Q47: =IF(P47>0,"Entregado","En transito") -> Entregado | R47: =IF(L47="Despachado",NETWORKDAYS.INTL(A47,O47,11,Valores!$A$2:$A$18)-1,"PTE") -> 0 | S47: =IF(Q47="Entregado",NETWORKDAYS.INTL(A47,P47,11,Valores!$A$2:$A$18)-1,"PTE") -> 2 | V47: =IF(Q47="Entregado",IF(S47<=VLOOKUP(K47,Valores!E:F,2,0),"Cumple","No cumple"),"PTE") -> Cumple | X47: =VLOOKUP(N47,[1]Hoja1!$G:$BE,39,0) -> 38589
A48: 45670 | B48: =TEXT(A48,"mmmm") -> enero | C48: 2396 | D48: Venta | E48: FELIPE CASTAÑO | F48: TECU3FNPRO | G48: =IFERROR(VLOOKUP(F48,Productos!$A$2:$D$258,2,0)," ") -> Electric Standing Desk PRO Negro | H48: 1 | I48: =IFERROR(VLOOKUP(F48,Productos!$A$2:$D$258,3,0)," ") -> Standing Desk | J48: Antioquia | K48: Envigado | L48: =IF(O48>0,"Despachado","En alistamiento") -> Despachado | M48: Coordinadora | N48: 3018831 -84151104925 | O48: 45671.665 | P48: 45672.44 | Q48: =IF(P48>0,"Entregado","En transito") -> Entregado | R48: =IF(L48="Despachado",NETWORKDAYS.INTL(A48,O48,11,Valores!$A$2:$A$18)-1,"PTE") -> 1 | S48: =IF(Q48="Entregado",NETWORKDAYS.INTL(A48,P48,11,Valores!$A$2:$A$18)-1,"PTE") -> 2 | V48: =IF(Q48="Entregado",IF(S48<=VLOOKUP(K48,Valores!E:F,2,0),"Cumple","No cumple"),"PTE") -> Cumple | X48: =VLOOKUP(N48,[1]Hoja1!$G:$BE,39,0) -> 42921
A49: 45670 | B49: =TEXT(A49,"mmmm") -> enero | C49: 2396 | D49: Venta | E49: FELIPE CASTAÑO | F49: TECUTCO6C | G49: =IFERROR(VLOOKUP(F49,Productos!$A$2:$D$258,2,0)," ") -> Superficie Caramelo 160x70 Clasico | H49: 1 | I49: =IFERROR(VLOOKUP(F49,Productos!$A$2:$D$258,3,0)," ") -> Superficie | J49: Antioquia | K49: Envigado | L49: =IF(O49>0,"Despachado","En alistamiento") -> Despachado | M49: Coordinadora | N49: 3018833 -84151104926 | O49: 45671.665 | P49: 45672.44 | Q49: =IF(P49>0,"Entregado","En transito") -> Entregado | R49: =IF(L49="Despachado",NETWORKDAYS.INTL(A49,O49,11,Valores!$A$2:$A$18)-1,"PTE") -> 1 | S49: =IF(Q49="Entregado",NETWORKDAYS.INTL(A49,P49,11,Valores!$A$2:$A$18)-1,"PTE") -> 2 | V49: =IF(Q49="Entregado",IF(S49<=VLOOKUP(K49,Valores!E:F,2,0),"Cumple","No cumple"),"PTE") -> Cumple | X49: =VLOOKUP(N49,[1]Hoja1!$G:$BE,39,0) -> 24093
A50: 45670 | B50: =TEXT(A50,"mmmm") -> enero | C50: 2396 | D50: Venta | E50: FELIPE CASTAÑO | F50: TECUDSN | G50: =IFERROR(VLOOKUP(F50,Productos!$A$2:$D$258,2,0)," ") -> Desk Stool Negra Silla ajustable | H50: 1 | I50: =IFERROR(VLOOKUP(F50,Productos!$A$2:$D$258,3,0)," ") -> Silla | J50: Antioquia | K50: Envigado | L50: =IF(O50>0,"Despachado","En alistamiento") -> Despachado | M50: Coordinadora | N50: 3018855 -84151104940 | O50: 45671.665 | P50: 45672.44 | Q50: =IF(P50>0,"Entregado","En transito") -> Entregado | R50: =IF(L50="Despachado",NETWORKDAYS.INTL(A50,O50,11,Valores!$A$2:$A$18)-1,"PTE") -> 1 | S50: =IF(Q50="Entregado",NETWORKDAYS.INTL(A50,P50,11,Valores!$A$2:$A$18)-1,"PTE") -> 2 | V50: =IF(Q50="Entregado",IF(S50<=VLOOKUP(K50,Valores!E:F,2,0),"Cumple","No cumple"),"PTE") -> Cumple | X50: =VLOOKUP(N50,[1]Hoja1!$G:$BE,39,0) -> 26609
A51: 45670 | B51: =TEXT(A51,"mmmm") -> enero | C51: 2396 | D51: Venta | E51: FELIPE CASTAÑO | G51: Servicio de instalacion | H51: 1 | I51: Instalacion | J51: Antioquia | K51: Envigado | L51: Instalacion | M51: NA | N51: NA | O51: NA | P51: NA | Q51: =IF(P51>0,"Entregado","En transito") -> Entregado | R51: =IF(L51="Despachado",NETWORKDAYS.INTL(A51,O51,11,Valores!$A$2:$A$18)-1,"PTE") -> PTE | S51: =IF(Q51="Entregado",NETWORKDAYS.INTL(A51,P51,11,Valores!$A$2:$A$18)-1,"PTE") -> #VALUE! | V51: =IF(Q51="Entregado",IF(S51<=VLOOKUP(K51,Valores!E:F,2,0),"Cumple","No cumple"),"PTE") -> #VALUE! | X51: 0
A52: 45671 | B52: =TEXT(A52,"mmmm") -> enero | C52: 2397 | D52: Venta | E52: Andres Felipe Parra Rojas | F52: TECU2FNG | G52: =IFERROR(VLOOKUP(F52,Productos!$A$2:$D$258,2,0)," ") -> Electric Standing Desk GO Negro | H52: 1 | I52: =IFERROR(VLOOKUP(F52,Productos!$A$2:$D$258,3,0)," ") -> Standing Desk | J52: Bogotá y alrededores | K52: Bogota | L52: =IF(O52>0,"Despachado","En alistamiento") -> Despachado | M52: Coordinadora | N52: 3023657 -84151107102 | O52: 45673.695 | P52: 45674.681 | Q52: =IF(P52>0,"Entregado","En transito") -> Entregado | R52: =IF(L52="Despachado",NETWORKDAYS.INTL(A52,O52,11,Valores!$A$2:$A$18)-1,"PTE") -> 2 | S52: =IF(Q52="Entregado",NETWORKDAYS.INTL(A52,P52,11,Valores!$A$2:$A$18)-1,"PTE") -> 3 | V52: =IF(Q52="Entregado",IF(S52<=VLOOKUP(K52,Valores!E:F,2,0),"Cumple","No cumple"),"PTE") -> Cumple | X52: =VLOOKUP(N52,[1]Hoja1!$G:$BE,39,0) -> 41593
A53: 45671 | B53: =TEXT(A53,"mmmm") -> enero | C53: 2397 | D53: Venta | E53: Andres Felipe Parra Rojas | F53: TECUTRN5C | G53: =IFERROR(VLOOKUP(F53,Productos!$A$2:$D$258,2,0)," ") -> Superficie Roble negro 150x70 Clasico | H53: 1 | I53: =IFERROR(VLOOKUP(F53,Productos!$A$2:$D$258,3,0)," ") -> Superficie | J53: Bogotá y alrededores | K53: Bogota | L53: =IF(O53>0,"Despachado","En alistamiento") -> Despachado | M53: Coordinadora | N53: 3023658 -84151107103 | O53: 45673.695 | P53: 45675.587 | Q53: =IF(P53>0,"Entregado","En transito") -> Entregado | R53: =IF(L53="Despachado",NETWORKDAYS.INTL(A53,O53,11,Valores!$A$2:$A$18)-1,"PTE") -> 2 | S53: =IF(Q53="Entregado",NETWORKDAYS.INTL(A53,P53,11,Valores!$A$2:$A$18)-1,"PTE") -> 4 | V53: =IF(Q53="Entregado",IF(S53<=VLOOKUP(K53,Valores!E:F,2,0),"Cumple","No cumple"),"PTE") -> No cumple | X53: =VLOOKUP(N53,[1]Hoja1!$G:$BE,39,0) -> 24093
A54: 45673 | B54: =TEXT(A54,"mmmm") -> enero | C54: 2398 | D54: Venta | E54: Juan David Martínez Gordillo | F54: TECU2FNG | G54: =IFERROR(VLOOKUP(F54,Productos!$A$2:$D$258,2,0)," ") -> Electric Standing Desk GO Negro | H54: 1 | I54: =IFERROR(VLOOKUP(F54,Productos!$A$2:$D$258,3,0)," ") -> Standing Desk | J54: Bogotá y alrededores | K54: Bogota | L54: =IF(O54>0,"Despachado","En alistamiento") -> Despachado | M54: Coordinadora | N54: 3023776 -84151107161 | O54: 45673.695 | P54: 45675.561 | Q54: =IF(P54>0,"Entregado","En transito") -> Entregado | R54: =IF(L54="Despachado",NETWORKDAYS.INTL(A54,O54,11,Valores!$A$2:$A$18)-1,"PTE") -> 0 | S54: =IF(Q54="Entregado",NETWORKDAYS.INTL(A54,P54,11,Valores!$A$2:$A$18)-1,"PTE") -> 2 | V54: =IF(Q54="Entregado",IF(S54<=VLOOKUP(K54,Valores!E:F,2,0),"Cumple","No cumple"),"PTE") -> Cumple | X54: =VLOOKUP(N54,[1]Hoja1!$G:$BE,39,0) -> 41593
A55: 45673 | B55: =TEXT(A55,"mmmm") -> enero | C55: 2398 | D55: Venta | E55: Juan David Martínez Gordillo | F55: TECUTCO3C | G55: =IFERROR(VLOOKUP(F55,Productos!$A$2:$D$258,2,0)," ") -> Superficie Caramelo 130x70 Clasico | H55: 1 | I55: =IFERROR(VLOOKUP(F55,Productos!$A$2:$D$258,3,0)," ") -> Superficie | J55: Bogotá y alrededores | K55: Bogota | L55: =IF(O55>0,"Despachado","En alistamiento") -> Despachado | M55: Coordinadora | N55: 3023777 -84151107162 | O55: 45673.695 | P55: 45677.606 | Q55: =IF(P55>0,"Entregado","En transito") -> Entregado | R55: =IF(L55="Despachado",NETWORKDAYS.INTL(A55,O55,11,Valores!$A$2:$A$18)-1,"PTE") -> 0 | S55: =IF(Q55="Entregado",NETWORKDAYS.INTL(A55,P55,11,Valores!$A$2:$A$18)-1,"PTE") -> 3 | V55: =IF(Q55="Entregado",IF(S55<=VLOOKUP(K55,Valores!E:F,2,0),"Cumple","No cumple"),"PTE") -> Cumple | X55: =VLOOKUP(N55,[1]Hoja1!$G:$BE,39,0) -> 24093
A56: 45673 | B56: =TEXT(A56,"mmmm") -> enero | C56: 2399 | D56: Venta | E56: Stefan de Brandt | F56: TECU3FNPRO | G56: =IFERROR(VLOOKUP(F56,Productos!$A$2:$D$258,2,0)," ") -> Electric Standing Desk PRO Negro | H56: 1 | I56: =IFERROR(VLOOKUP(F56,Productos!$A$2:$D$258,3,0)," ") -> Standing Desk | J56: Antioquia | K56: Envigado | L56: =IF(O56>0,"Despachado","En alistamiento") -> Despachado | M56: Coordinadora | N56: 3023834 -84151107192 | O56: 45673.695 | P56: 45674.743 | Q56: =IF(P56>0,"Entregado","En transito") -> Entregado | R56: =IF(L56="Despachado",NETWORKDAYS.INTL(A56,O56,11,Valores!$A$2:$A$18)-1,"PTE") -> 0 | S56: =IF(Q56="Entregado",NETWORKDAYS.INTL(A56,P56,11,Valores!$A$2:$A$18)-1,"PTE") -> 1 | V56: =IF(Q56="Entregado",IF(S56<=VLOOKUP(K56,Valores!E:F,2,0),"Cumple","No cumple"),"PTE") -> Cumple | X56: =VLOOKUP(N56,[1]Hoja1!$G:$BE,39,0) -> 42921
A57: 45673 | B57: =TEXT(A57,"mmmm") -> enero | C57: 2399 | D57: Venta | E57: Stefan de Brandt | F57: TECUTCO6M | G57: =IFERROR(VLOOKUP(F57,Productos!$A$2:$D$258,2,0)," ") -> Superficie Caramelo 160x70 Moderno | H57: 1 | I57: =IFERROR(VLOOKUP(F57,Productos!$A$2:$D$258,3,0)," ") -> Superficie | J57: Antioquia | K57: Envigado | L57: =IF(O57>0,"Despachado","En alistamiento") -> Despachado | M57: Coordinadora | N57: 3023835 -84151107193 | O57: 45673.695 | P57: 45674.743 | Q57: =IF(P57>0,"Entregado","En transito") -> Entregado | R57: =IF(L57="Despachado",NETWORKDAYS.INTL(A57,O57,11,Valores!$A$2:$A$18)-1,"PTE") -> 0 | S57: =IF(Q57="Entregado",NETWORKDAYS.INTL(A57,P57,11,Valores!$A$2:$A$18)-1,"PTE") -> 1 | V57: =IF(Q57="Entregado",IF(S57<=VLOOKUP(K57,Valores!E:F,2,0),"Cumple","No cumple"),"PTE") -> Cumple | X57: =VLOOKUP(N57,[1]Hoja1!$G:$BE,39,0) -> 24093
A58: 45673 | B58: =TEXT(A58,"mmmm") -> enero | C58: 2399 | D58: Venta | E58: Stefan de Brandt | G58: Servicio de instalacion | H58: 1 | I58: Instalacion | J58: Antioquia | K58: Envigado | L58: Instalacion | M58: NA | N58: NA | O58: NA | P58: NA | Q58: =IF(P58>0,"Entregado","En transito") -> Entregado | R58: =IF(L58="Despachado",NETWORKDAYS.INTL(A58,O58,11,Valores!$A$2:$A$18)-1,"PTE") -> PTE | S58: =IF(Q58="Entregado",NETWORKDAYS.INTL(A58,P58,11,Valores!$A$2:$A$18)-1,"PTE") -> #VALUE! | V58: =IF(Q58="Entregado",IF(S58<=VLOOKUP(K58,Valores!E:F,2,0),"Cumple","No cumple"),"PTE") -> #VALUE! | X58: 0
A59: 45673 | B59: =TEXT(A59,"mmmm") -> enero | C59: 2400 | D59: Venta | E59: Julian Cujabante Villamil | F59: TECUROD6 | G59: =IFERROR(VLOOKUP(F59,Productos!$A$2:$D$258,2,0)," ") -> Rodachines con freno para Standing desk x 6 UN | H59: 1 | I59: =IFERROR(VLOOKUP(F59,Productos!$A$2:$D$258,3,0)," ") -> Ruedas | J59: Bogotá y alrededores | K59: Bogota | L59: =IF(O59>0,"Despachado","En alistamiento") -> Despachado | M59: Coordinadora | N59: 3026040 -84151108154 | O59: 45674.63 | P59: 45677.529 | Q59: =IF(P59>0,"Entregado","En transito") -> Entregado | R59: =IF(L59="Despachado",NETWORKDAYS.INTL(A59,O59,11,Valores!$A$2:$A$18)-1,"PTE") -> 1 | S59: =IF(Q59="Entregado",NETWORKDAYS.INTL(A59,P59,11,Valores!$A$2:$A$18)-1,"PTE") -> 3 | V59: =IF(Q59="Entregado",IF(S59<=VLOOKUP(K59,Valores!E:F,2,0),"Cumple","No cumple"),"PTE") -> Cumple | X59: =VLOOKUP(N59,[1]Hoja1!$G:$BE,39,0) -> 23875
A60: 45673 | B60: =TEXT(A60,"mmmm") -> enero | C60: 2400 | D60: Venta | E60: Julian Cujabante Villamil | F60: TECUBDPA | G60: =IFERROR(VLOOKUP(F60,Productos!$A$2:$D$258,2,0)," ") -> Desk Pad B Negro Azul | H60: 1 | I60: =IFERROR(VLOOKUP(F60,Productos!$A$2:$D$258,3,0)," ") -> Accesorio | J60: Bogotá y alrededores | K60: Bogota | L60: =IF(O60>0,"Despachado","En alistamiento") -> Despachado | M60: Coordinadora | N60: 3026035 -84151108151 | O60: 45674.63 | P60: 45677.529 | Q60: =IF(P60>0,"Entregado","En transito") -> Entregado | R60: =IF(L60="Despachado",NETWORKDAYS.INTL(A60,O60,11,Valores!$A$2:$A$18)-1,"PTE") -> 1 | S60: =IF(Q60="Entregado",NETWORKDAYS.INTL(A60,P60,11,Valores!$A$2:$A$18)-1,"PTE") -> 3 | V60: =IF(Q60="Entregado",IF(S60<=VLOOKUP(K60,Valores!E:F,2,0),"Cumple","No cumple"),"PTE") -> Cumple | X60: =VLOOKUP(N60,[1]Hoja1!$G:$BE,39,0) -> 16617
A61: 45673 | B61: =TEXT(A61,"mmmm") -> enero | C61: 2400 | D61: Venta | E61: Julian Cujabante Villamil | F61: TECURN | G61: =IFERROR(VLOOKUP(F61,Productos!$A$2:$D$258,2,0)," ") -> Repisa Negro | H61: 1 | I61: =IFERROR(VLOOKUP(F61,Productos!$A$2:$D$258,3,0)," ") -> Repisa | J61: Bogotá y alrededores | K61: Bogota | L61: =IF(O61>0,"Despachado","En alistamiento") -> Despachado | M61: Coordinadora | N61: 3026126 -84151108195 | O61: 45674.63 | P61: 45677.529 | Q61: =IF(P61>0,"Entregado","En transito") -> Entregado | R61: =IF(L61="Despachado",NETWORKDAYS.INTL(A61,O61,11,Valores!$A$2:$A$18)-1,"PTE") -> 1 | S61: =IF(Q61="Entregado",NETWORKDAYS.INTL(A61,P61,11,Valores!$A$2:$A$18)-1,"PTE") -> 3 | V61: =IF(Q61="Entregado",IF(S61<=VLOOKUP(K61,Valores!E:F,2,0),"Cumple","No cumple"),"PTE") -> Cumple | X61: =VLOOKUP(N61,[1]Hoja1!$G:$BE,39,0) -> 23429
A62: 45673 | B62: =TEXT(A62,"mmmm") -> enero | C62: 2400 | D62: Venta | E62: Julian Cujabante Villamil | G62: Servicio de instalacion | H62: 1 | I62: Instalacion | J62: Bogotá y alrededores | K62: Bogota | L62: Instalacion | M62: NA | N62: NA | O62: 45678 | P62: 45678 | Q62: =IF(P62>0,"Entregado","En transito") -> Entregado | R62: =IF(L62="Despachado",NETWORKDAYS.INTL(A62,O62,11,Valores!$A$2:$A$18)-1,"PTE") -> PTE | S62: =IF(Q62="Entregado",NETWORKDAYS.INTL(A62,P62,11,Valores!$A$2:$A$18)-1,"PTE") -> 4 | V62: =IF(Q62="Entregado",IF(S62<=VLOOKUP(K62,Valores!E:F,2,0),"Cumple","No cumple"),"PTE") -> No cumple | X62: 0
A63: 45673 | B63: =TEXT(A63,"mmmm") -> enero | C63: 2401 | D63: Venta | E63: Julian Cujabante Villamil | F63: TECUAN | G63: =IFERROR(VLOOKUP(F63,Productos!$A$2:$D$258,2,0)," ") -> Archivador TECU Negro | H63: 1 | I63: =IFERROR(VLOOKUP(F63,Productos!$A$2:$D$258,3,0)," ") -> Archivador | J63: Bogotá y alrededores | K63: Bogota | L63: =IF(O63>0,"Despachado","En alistamiento") -> Despachado | M63: Envia | N63: 3026752 -954101129148 | O63: 45674.66 | P63: 45675.499 | Q63: =IF(P63>0,"Entregado","En transito") -> Entregado | R63: =IF(L63="Despachado",NETWORKDAYS.INTL(A63,O63,11,Valores!$A$2:$A$18)-1,"PTE") -> 1 | S63: =IF(Q63="Entregado",NETWORKDAYS.INTL(A63,P63,11,Valores!$A$2:$A$18)-1,"PTE") -> 2 | V63: =IF(Q63="Entregado",IF(S63<=VLOOKUP(K63,Valores!E:F,2,0),"Cumple","No cumple"),"PTE") -> Cumple | X63: =VLOOKUP(N63,[1]Hoja1!$G:$BE,39,0) -> 70717
A64: 45674 | B64: =TEXT(A64,"mmmm") -> enero | C64: 2402 | D64: Venta | E64: Catalina Alvarado | F64: TECU2FNG | G64: =IFERROR(VLOOKUP(F64,Productos!$A$2:$D$258,2,0)," ") -> Electric Standing Desk GO Negro | H64: 1 | I64: =IFERROR(VLOOKUP(F64,Productos!$A$2:$D$258,3,0)," ") -> Standing Desk | J64: Bogotá y alrededores | K64: Bogota | L64: =IF(O64>0,"Despachado","En alistamiento") -> Despachado | M64: Coordinadora | N64: 3026634 -84151108514 | O64: 45674.63 | P64: 45677.465 | Q64: =IF(P64>0,"Entregado","En transito") -> Entregado | R64: =IF(L64="Despachado",NETWORKDAYS.INTL(A64,O64,11,Valores!$A$2:$A$18)-1,"PTE") -> 0 | S64: =IF(Q64="Entregado",NETWORKDAYS.INTL(A64,P64,11,Valores!$A$2:$A$18)-1,"PTE") -> 2 | V64: =IF(Q64="Entregado",IF(S64<=VLOOKUP(K64,Valores!E:F,2,0),"Cumple","No cumple"),"PTE") -> Cumple | X64: =VLOOKUP(N64,[1]Hoja1!$G:$BE,39,0) -> 41593
A65: 45674 | B65: =TEXT(A65,"mmmm") -> enero | C65: 2402 | D65: Venta | E65: Catalina Alvarado | F65: TECUTFE2C | G65: =IFERROR(VLOOKUP(F65,Productos!$A$2:$D$258,2,0)," ") -> Superficie Fresno Europeo 120x70 Clasico Small | H65: 1 | I65: =IFERROR(VLOOKUP(F65,Productos!$A$2:$D$258,3,0)," ") -> Superficie | J65: Bogotá y alrededores | K65: Bogota | L65: =IF(O65>0,"Despachado","En alistamiento") -> Despachado | M65: Coordinadora | N65: 3026635 -84151108515 | O65: 45674.63 | P65: 45677.464 | Q65: =IF(P65>0,"Entregado","En transito") -> Entregado | R65: =IF(L65="Despachado",NETWORKDAYS.INTL(A65,O65,11,Valores!$A$2:$A$18)-1,"PTE") -> 0 | S65: =IF(Q65="Entregado",NETWORKDAYS.INTL(A65,P65,11,Valores!$A$2:$A$18)-1,"PTE") -> 2 | V65: =IF(Q65="Entregado",IF(S65<=VLOOKUP(K65,Valores!E:F,2,0),"Cumple","No cumple"),"PTE") -> Cumple | X65: =VLOOKUP(N65,[1]Hoja1!$G:$BE,39,0) -> 24093
A66: 45674 | B66: =TEXT(A66,"mmmm") -> enero | C66: 2403 | D66: Venta | E66: Alexandra Martínez Ruiz | F66: TECU3FNPRO | G66: =IFERROR(VLOOKUP(F66,Productos!$A$2:$D$258,2,0)," ") -> Electric Standing Desk PRO Negro | H66: 1 | I66: =IFERROR(VLOOKUP(F66,Productos!$A$2:$D$258,3,0)," ") -> Standing Desk | J66: Bogotá y alrededores | K66: Bogota | L66: =IF(O66>0,"Despachado","En alistamiento") -> Despachado | M66: Coordinadora | N66: 3030945 -84151109872 | O66: 45677.703 | P66: 45679 | Q66: =IF(P66>0,"Entregado","En transito") -> Entregado | R66: =IF(L66="Despachado",NETWORKDAYS.INTL(A66,O66,11,Valores!$A$2:$A$18)-1,"PTE") -> 2 | S66: =IF(Q66="Entregado",NETWORKDAYS.INTL(A66,P66,11,Valores!$A$2:$A$18)-1,"PTE") -> 4 | V66: =IF(Q66="Entregado",IF(S66<=VLOOKUP(K66,Valores!E:F,2,0),"Cumple","No cumple"),"PTE") -> No cumple | X66: =VLOOKUP(N66,[1]Hoja1!$G:$BE,39,0) -> 42921
A67: 45674 | B67: =TEXT(A67,"mmmm") -> enero | C67: 2403 | D67: Venta | E67: Alexandra Martínez Ruiz | F67: TECUTFE2C | G67: =IFERROR(VLOOKUP(F67,Productos!$A$2:$D$258,2,0)," ") -> Superficie Fresno Europeo 120x70 Clasico Small | H67: 1 | I67: =IFERROR(VLOOKUP(F67,Productos!$A$2:$D$258,3,0)," ") -> Superficie | J67: Bogotá y alrededores | K67: Bogota | L67: =IF(O67>0,"Despachado","En alistamiento") -> Despachado | M67: Coordinadora | N67: 3030946 -84151109873 | O67: 45677.703 | P67: 45678.65 | Q67: =IF(P67>0,"Entregado","En transito") -> Entregado | R67: =IF(L67="Despachado",NETWORKDAYS.INTL(A67,O67,11,Valores!$A$2:$A$18)-1,"PTE") -> 2 | S67: =IF(Q67="Entregado",NETWORKDAYS.INTL(A67,P67,11,Valores!$A$2:$A$18)-1,"PTE") -> 3 | V67: =IF(Q67="Entregado",IF(S67<=VLOOKUP(K67,Valores!E:F,2,0),"Cumple","No cumple"),"PTE") -> Cumple | X67: =VLOOKUP(N67,[1]Hoja1!$G:$BE,39,0) -> 28741
A68: 45674 | B68: =TEXT(A68,"mmmm") -> enero | C68: 2403 | D68: Venta | E68: Alexandra Martínez Ruiz | G68: Servicio de instalacion | H68: 1 | I68: Instalacion | J68: Bogotá y alrededores | K68: Bogota | L68: Instalacion | M68: NA | N68: NA | O68: 45680 | P68: NA | Q68: =IF(P68>0,"Entregado","En transito") -> Entregado | R68: =IF(L68="Despachado",NETWORKDAYS.INTL(A68,O68,11,Valores!$A$2:$A$18)-1,"PTE") -> PTE | S68: =IF(Q68="Entregado",NETWORKDAYS.INTL(A68,P68,11,Valores!$A$2:$A$18)-1,"PTE") -> #VALUE! | V68: =IF(Q68="Entregado",IF(S68<=VLOOKUP(K68,Valores!E:F,2,0),"Cumple","No cumple"),"PTE") -> #VALUE! | X68: 0
A69: 45675 | B69: =TEXT(A69,"mmmm") -> enero | C69: 2404 | D69: Venta | E69: Juan Camilo Acosta Escobar | F69: TECU3FNPRO | G69: =IFERROR(VLOOKUP(F69,Productos!$A$2:$D$258,2,0)," ") -> Electric Standing Desk PRO Negro | H69: 1 | I69: =IFERROR(VLOOKUP(F69,Productos!$A$2:$D$258,3,0)," ") -> Standing Desk | J69: Antioquia | K69: El Retiro | L69: =IF(O69>0,"Despachado","En alistamiento") -> Despachado | M69: Coordinadora | N69: 3030968 -84151109880 | O69: 45677.703 | P69: 45679.591 | Q69: =IF(P69>0,"Entregado","En transito") -> Entregado | R69: =IF(L69="Despachado",NETWORKDAYS.INTL(A69,O69,11,Valores!$A$2:$A$18)-1,"PTE") -> 1 | S69: =IF(Q69="Entregado",NETWORKDAYS.INTL(A69,P69,11,Valores!$A$2:$A$18)-1,"PTE") -> 3 | V69: =IF(Q69="Entregado",IF(S69<=VLOOKUP(K69,Valores!E:F,2,0),"Cumple","No cumple"),"PTE") -> Cumple | X69: =VLOOKUP(N69,[1]Hoja1!$G:$BE,39,0) -> 42921
A70: 45675 | B70: =TEXT(A70,"mmmm") -> enero | C70: 2404 | D70: Venta | E70: Juan Camilo Acosta Escobar | F70: TECUTRM5C | G70: =IFERROR(VLOOKUP(F70,Productos!$A$2:$D$258,2,0)," ") -> Superficie Roble Miel 150x70 Clasico | H70: 1 | I70: =IFERROR(VLOOKUP(F70,Productos!$A$2:$D$258,3,0)," ") -> Superficie | J70: Antioquia | K70: El Retiro | L70: =IF(O70>0,"Despachado","En alistamiento") -> Despachado | M70: Coordinadora | N70: 3030970 -84151109882 | O70: 45677.703 | P70: 45679.591 | Q70: =IF(P70>0,"Entregado","En transito") -> Entregado | R70: =IF(L70="Despachado",NETWORKDAYS.INTL(A70,O70,11,Valores!$A$2:$A$18)-1,"PTE") -> 1 | S70: =IF(Q70="Entregado",NETWORKDAYS.INTL(A70,P70,11,Valores!$A$2:$A$18)-1,"PTE") -> 3 | V70: =IF(Q70="Entregado",IF(S70<=VLOOKUP(K70,Valores!E:F,2,0),"Cumple","No cumple"),"PTE") -> Cumple | X70: =VLOOKUP(N70,[1]Hoja1!$G:$BE,39,0) -> 24593
A71: 45675 | B71: =TEXT(A71,"mmmm") -> enero | C71: 2404 | D71: Venta | E71: Juan Camilo Acosta Escobar | F71: TECUCT | G71: =IFERROR(VLOOKUP(F71,Productos!$A$2:$D$258,2,0)," ") -> Bandeja de cables | H71: 1 | I71: =IFERROR(VLOOKUP(F71,Productos!$A$2:$D$258,3,0)," ") -> Accesorio | J71: Antioquia | K71: El Retiro | L71: =IF(O71>0,"Despachado","En alistamiento") -> Despachado | M71: Coordinadora | N71: 3031428 -84151110138 | O71: 45677.703 | P71: 45679.591 | Q71: =IF(P71>0,"Entregado","En transito") -> Entregado | R71: =IF(L71="Despachado",NETWORKDAYS.INTL(A71,O71,11,Valores!$A$2:$A$18)-1,"PTE") -> 1 | S71: =IF(Q71="Entregado",NETWORKDAYS.INTL(A71,P71,11,Valores!$A$2:$A$18)-1,"PTE") -> 3 | V71: =IF(Q71="Entregado",IF(S71<=VLOOKUP(K71,Valores!E:F,2,0),"Cumple","No cumple"),"PTE") -> Cumple | X71: =VLOOKUP(N71,[1]Hoja1!$G:$BE,39,0) -> 24885
A72: 45675 | B72: =TEXT(A72,"mmmm") -> enero | C72: 2405 | D72: Venta | E72: Stefan de Brandt | F72: TECUCT | G72: =IFERROR(VLOOKUP(F72,Productos!$A$2:$D$258,2,0)," ") -> Bandeja de cables | H72: 1 | I72: =IFERROR(VLOOKUP(F72,Productos!$A$2:$D$258,3,0)," ") -> Accesorio | J72: Antioquia | K72: Envigado | L72: =IF(O72>0,"Despachado","En alistamiento") -> Despachado | M72: Coordinadora | N72: 3031190 -84151110013 | O72: 45677.703 | P72: 45678.545 | Q72: =IF(P72>0,"Entregado","En transito") -> Entregado | R72: =IF(L72="Despachado",NETWORKDAYS.INTL(A72,O72,11,Valores!$A$2:$A$18)-1,"PTE") -> 1 | S72: =IF(Q72="Entregado",NETWORKDAYS.INTL(A72,P72,11,Valores!$A$2:$A$18)-1,"PTE") -> 2 | V72: =IF(Q72="Entregado",IF(S72<=VLOOKUP(K72,Valores!E:F,2,0),"Cumple","No cumple"),"PTE") -> Cumple | X72: =VLOOKUP(N72,[1]Hoja1!$G:$BE,39,0) -> 24885
A73: 45677 | B73: =TEXT(A73,"mmmm") -> enero | C73: 2406 | D73: Venta | E73: MARIA RODRIGUEZ | F73: TECU2FBGO | G73: =IFERROR(VLOOKUP(F73,Productos!$A$2:$D$258,2,0)," ") -> Electric Standing Desk GO Blanco | H73: 1 | I73: =IFERROR(VLOOKUP(F73,Productos!$A$2:$D$258,3,0)," ") -> Standing Desk | J73: Valle del Cauca | K73: Jamundi | L73: =IF(O73>0,"Despachado","En alistamiento") -> Despachado | M73: Coordinadora | N73: 3034128 -84151111334 | O73: 45678.716 | P73: 45679 | Q73: =IF(P73>0,"Entregado","En transito") -> Entregado | R73: =IF(L73="Despachado",NETWORKDAYS.INTL(A73,O73,11,Valores!$A$2:$A$18)-1,"PTE") -> 1 | S73: =IF(Q73="Entregado",NETWORKDAYS.INTL(A73,P73,11,Valores!$A$2:$A$18)-1,"PTE") -> 2 | V73: =IF(Q73="Entregado",IF(S73<=VLOOKUP(K73,Valores!E:F,2,0),"Cumple","No cumple"),"PTE") -> #N/A | X73: =VLOOKUP(N73,[1]Hoja1!$G:$BE,39,0) -> 41593
A74: 45677 | B74: =TEXT(A74,"mmmm") -> enero | C74: 2406 | D74: Venta | E74: MARIA RODRIGUEZ | F74: TECUTFE6C | G74: =IFERROR(VLOOKUP(F74,Productos!$A$2:$D$258,2,0)," ") -> Superficie Fresno Europeo 160x70 Clasico | H74: 1 | I74: =IFERROR(VLOOKUP(F74,Productos!$A$2:$D$258,3,0)," ") -> Superficie | J74: Valle del Cauca | K74: Jamundi | L74: =IF(O74>0,"Despachado","En alistamiento") -> Despachado | M74: Coordinadora | N74: 3034129 -84151111335 | O74: 45678.716 | P74: 45679 | Q74: =IF(P74>0,"Entregado","En transito") -> Entregado | R74: =IF(L74="Despachado",NETWORKDAYS.INTL(A74,O74,11,Valores!$A$2:$A$18)-1,"PTE") -> 1 | S74: =IF(Q74="Entregado",NETWORKDAYS.INTL(A74,P74,11,Valores!$A$2:$A$18)-1,"PTE") -> 2 | V74: =IF(Q74="Entregado",IF(S74<=VLOOKUP(K74,Valores!E:F,2,0),"Cumple","No cumple"),"PTE") -> #N/A | X74: =VLOOKUP(N74,[1]Hoja1!$G:$BE,39,0) -> 24093
A75: 45678 | B75: =TEXT(A75,"mmmm") -> enero | C75: 2407 | D75: Venta | E75: Juan Camilo Restrepo | F75: TECU2FNG | G75: =IFERROR(VLOOKUP(F75,Productos!$A$2:$D$258,2,0)," ") -> Electric Standing Desk GO Negro | H75: 1 | I75: =IFERROR(VLOOKUP(F75,Productos!$A$2:$D$258,3,0)," ") -> Standing Desk | J75: Bogotá y alrededores | K75: Bogota | L75: =IF(O75>0,"Despachado","En alistamiento") -> Despachado | M75: Coordinadora | N75: 3034103 -84151111318 | O75: 45678.716 | P75: 45679 | Q75: =IF(P75>0,"Entregado","En transito") -> Entregado | R75: =IF(L75="Despachado",NETWORKDAYS.INTL(A75,O75,11,Valores!$A$2:$A$18)-1,"PTE") -> 0 | S75: =IF(Q75="Entregado",NETWORKDAYS.INTL(A75,P75,11,Valores!$A$2:$A$18)-1,"PTE") -> 1 | V75: =IF(Q75="Entregado",IF(S75<=VLOOKUP(K75,Valores!E:F,2,0),"Cumple","No cumple"),"PTE") -> Cumple | X75: =VLOOKUP(N75,[1]Hoja1!$G:$BE,39,0) -> 41593
A76: 45678 | B76: =TEXT(A76,"mmmm") -> enero | C76: 2407 | D76: Venta | E76: Juan Camilo Restrepo | F76: TECUTFE5C | G76: =IFERROR(VLOOKUP(F76,Productos!$A$2:$D$258,2,0)," ") -> Superficie Fresno Europeo 150x70 Clasico | H76: 1 | I76: =IFERROR(VLOOKUP(F76,Productos!$A$2:$D$258,3,0)," ") -> Superficie | J76: Bogotá y alrededores | K76: Bogota | L76: =IF(O76>0,"Despachado","En alistamiento") -> Despachado | M76: Coordinadora | N76: 3034104 -84151111319 | O76: 45678.716 | P76: 45680 | Q76: =IF(P76>0,"Entregado","En transito") -> Entregado | R76: =IF(L76="Despachado",NETWORKDAYS.INTL(A76,O76,11,Valores!$A$2:$A$18)-1,"PTE") -> 0 | S76: =IF(Q76="Entregado",NETWORKDAYS.INTL(A76,P76,11,Valores!$A$2:$A$18)-1,"PTE") -> 2 | V76: =IF(Q76="Entregado",IF(S76<=VLOOKUP(K76,Valores!E:F,2,0),"Cumple","No cumple"),"PTE") -> Cumple | X76: =VLOOKUP(N76,[1]Hoja1!$G:$BE,39,0) -> 24093
A77: 45678 | B77: =TEXT(A77,"mmmm") -> enero | C77: 2407 | D77: Venta | E77: Juan Camilo Restrepo | F77: TECUCT | G77: =IFERROR(VLOOKUP(F77,Productos!$A$2:$D$258,2,0)," ") -> Bandeja de cables | H77: 1 | I77: =IFERROR(VLOOKUP(F77,Productos!$A$2:$D$258,3,0)," ") -> Accesorio | J77: Bogotá y alrededores | K77: Bogota | L77: =IF(O77>0,"Despachado","En alistamiento") -> Despachado | M77: Coordinadora | N77: 3034115 -84151111325 | O77: 45678.716 | P77: 45679 | Q77: =IF(P77>0,"Entregado","En transito") -> Entregado | R77: =IF(L77="Despachado",NETWORKDAYS.INTL(A77,O77,11,Valores!$A$2:$A$18)-1,"PTE") -> 0 | S77: =IF(Q77="Entregado",NETWORKDAYS.INTL(A77,P77,11,Valores!$A$2:$A$18)-1,"PTE") -> 1 | V77: =IF(Q77="Entregado",IF(S77<=VLOOKUP(K77,Valores!E:F,2,0),"Cumple","No cumple"),"PTE") -> Cumple | X77: =VLOOKUP(N77,[1]Hoja1!$G:$BE,39,0) -> 24885
A78: 45678 | B78: =TEXT(A78,"mmmm") -> enero | C78: 2408 | D78: Venta | E78: Andres Mape | F78: TECU3FNPRO | G78: =IFERROR(VLOOKUP(F78,Productos!$A$2:$D$258,2,0)," ") -> Electric Standing Desk PRO Negro | H78: 1 | I78: =IFERROR(VLOOKUP(F78,Productos!$A$2:$D$258,3,0)," ") -> Standing Desk | J78: Bogotá y alrededores | K78: Bogota | L78: =IF(O78>0,"Despachado","En alistamiento") -> Despachado | M78: Coordinadora | N78: 3034145 -84151111349 | O78: 45678.716 | P78: 45679 | Q78: =IF(P78>0,"Entregado","En transito") -> Entregado | R78: =IF(L78="Despachado",NETWORKDAYS.INTL(A78,O78,11,Valores!$A$2:$A$18)-1,"PTE") -> 0 | S78: =IF(Q78="Entregado",NETWORKDAYS.INTL(A78,P78,11,Valores!$A$2:$A$18)-1,"PTE") -> 1 | V78: =IF(Q78="Entregado",IF(S78<=VLOOKUP(K78,Valores!E:F,2,0),"Cumple","No cumple"),"PTE") -> Cumple | X78: =VLOOKUP(N78,[1]Hoja1!$G:$BE,39,0) -> 42921
A79: 45678 | B79: =TEXT(A79,"mmmm") -> enero | C79: 2408 | D79: Venta | E79: Andres Mape | F79: TECUTCO8C | G79: =IFERROR(VLOOKUP(F79,Productos!$A$2:$D$258,2,0)," ") -> Superficie Caramelo 180x70 Clasico | H79: 1 | I79: =IFERROR(VLOOKUP(F79,Productos!$A$2:$D$258,3,0)," ") -> Superficie | J79: Bogotá y alrededores | K79: Bogota | L79: =IF(O79>0,"Despachado","En alistamiento") -> Despachado | M79: Coordinadora | N79: 3034147 -84151111351 | O79: 45678.716 | P79: 45679 | Q79: =IF(P79>0,"Entregado","En transito") -> Entregado | R79: =IF(L79="Despachado",NETWORKDAYS.INTL(A79,O79,11,Valores!$A$2:$A$18)-1,"PTE") -> 0 | S79: =IF(Q79="Entregado",NETWORKDAYS.INTL(A79,P79,11,Valores!$A$2:$A$18)-1,"PTE") -> 1 | V79: =IF(Q79="Entregado",IF(S79<=VLOOKUP(K79,Valores!E:F,2,0),"Cumple","No cumple"),"PTE") -> Cumple | X79: =VLOOKUP(N79,[1]Hoja1!$G:$BE,39,0) -> 26749
A80: 45678 | B80: =TEXT(A80,"mmmm") -> enero | C80: 2408 | D80: Venta | E80: Andres Mape | G80: Servicio de instalacion | H80: 1 | I80: Instalacion | J80: Bogotá y alrededores | K80: Bogota | L80: Instalacion | M80: NA | N80: NA | O80: NA | P80: NA | Q80: =IF(P80>0,"Entregado","En transito") -> Entregado | R80: =IF(L80="Despachado",NETWORKDAYS.INTL(A80,O80,11,Valores!$A$2:$A$18)-1,"PTE") -> PTE | S80: =IF(Q80="Entregado",NETWORKDAYS.INTL(A80,P80,11,Valores!$A$2:$A$18)-1,"PTE") -> #VALUE! | V80: =IF(Q80="Entregado",IF(S80<=VLOOKUP(K80,Valores!E:F,2,0),"Cumple","No cumple"),"PTE") -> #VALUE! | X80: 0
A81: 45678 | B81: =TEXT(A81,"mmmm") -> enero | C81: 2409 | D81: Venta | E81: Rainer Villarreal | F81: TECURCO | G81: =IFERROR(VLOOKUP(F81,Productos!$A$2:$D$258,2,0)," ") -> Repisa Caramelo | H81: 1 | I81: =IFERROR(VLOOKUP(F81,Productos!$A$2:$D$258,3,0)," ") -> Repisa | J81: Monteria | K81: Cordoba | L81: =IF(O81>0,"Despachado","En alistamiento") -> Despachado | M81: Coordinadora | N81: 3034185 -84151111369 | O81: 45678.716 | P81: 45679 | Q81: =IF(P81>0,"Entregado","En transito") -> Entregado | R81: =IF(L81="Despachado",NETWORKDAYS.INTL(A81,O81,11,Valores!$A$2:$A$18)-1,"PTE") -> 0 | S81: =IF(Q81="Entregado",NETWORKDAYS.INTL(A81,P81,11,Valores!$A$2:$A$18)-1,"PTE") -> 1 | V81: =IF(Q81="Entregado",IF(S81<=VLOOKUP(K81,Valores!E:F,2,0),"Cumple","No cumple"),"PTE") -> #N/A | X81: =VLOOKUP(N81,[1]Hoja1!$G:$BE,39,0) -> 47133
A82: 45678 | B82: =TEXT(A82,"mmmm") -> enero | C82: 2410 | D82: Venta | E82: German Uchamocha Euscategui | F82: TECU2FNG | G82: =IFERROR(VLOOKUP(F82,Productos!$A$2:$D$258,2,0)," ") -> Electric Standing Desk GO Negro | H82: 1 | I82: =IFERROR(VLOOKUP(F82,Productos!$A$2:$D$258,3,0)," ") -> Standing Desk | J82: Boyaca | K82: Duitama | L82: =IF(O82>0,"Despachado","En alistamiento") -> Despachado | M82: Coordinadora | N82: 3034194 -84151111375 | O82: 45678.716 | P82: 45680 | Q82: =IF(P82>0,"Entregado","En transito") -> Entregado | R82: =IF(L82="Despachado",NETWORKDAYS.INTL(A82,O82,11,Valores!$A$2:$A$18)-1,"PTE") -> 0 | S82: =IF(Q82="Entregado",NETWORKDAYS.INTL(A82,P82,11,Valores!$A$2:$A$18)-1,"PTE") -> 2 | V82: =IF(Q82="Entregado",IF(S82<=VLOOKUP(K82,Valores!E:F,2,0),"Cumple","No cumple"),"PTE") -> #N/A | X82: =VLOOKUP(N82,[1]Hoja1!$G:$BE,39,0) -> 59835
A83: 45678 | B83: =TEXT(A83,"mmmm") -> enero | C83: 2410 | D83: Venta | E83: German Uchamocha Euscategui | F83: TECUTFE5C | G83: =IFERROR(VLOOKUP(F83,Productos!$A$2:$D$258,2,0)," ") -> Superficie Fresno Europeo 150x70 Clasico | H83: 1 | I83: =IFERROR(VLOOKUP(F83,Productos!$A$2:$D$258,3,0)," ") -> Superficie | J83: Boyaca | K83: Duitama | L83: =IF(O83>0,"Despachado","En alistamiento") -> Despachado | M83: Coordinadora | N83: 3034195 -84151111376 | O83: 45678.716 | P83: 45680 | Q83: =IF(P83>0,"Entregado","En transito") -> Entregado | R83: =IF(L83="Despachado",NETWORKDAYS.INTL(A83,O83,11,Valores!$A$2:$A$18)-1,"PTE") -> 0 | S83: =IF(Q83="Entregado",NETWORKDAYS.INTL(A83,P83,11,Valores!$A$2:$A$18)-1,"PTE") -> 2 | V83: =IF(Q83="Entregado",IF(S83<=VLOOKUP(K83,Valores!E:F,2,0),"Cumple","No cumple"),"PTE") -> #N/A | X83: =VLOOKUP(N83,[1]Hoja1!$G:$BE,39,0) -> 39078
A84: 45678 | B84: =TEXT(A84,"mmmm") -> enero | C84: 2411 | D84: Venta | E84: Juan David Lagos Rodriguez | F84: TECU3FNPRO | G84: =IFERROR(VLOOKUP(F84,Productos!$A$2:$D$258,2,0)," ") -> Electric Standing Desk PRO Negro | H84: 1 | I84: =IFERROR(VLOOKUP(F84,Productos!$A$2:$D$258,3,0)," ") -> Standing Desk | J84: Bogotá y alrededores | K84: Bogota | L84: =IF(O84>0,"Despachado","En alistamiento") -> Despachado | M84: Coordinadora | N84: 3034920 -84151111800 | O84: 45678.716 | P84: 45679 | Q84: =IF(P84>0,"Entregado","En transito") -> Entregado | R84: =IF(L84="Despachado",NETWORKDAYS.INTL(A84,O84,11,Valores!$A$2:$A$18)-1,"PTE") -> 0 | S84: =IF(Q84="Entregado",NETWORKDAYS.INTL(A84,P84,11,Valores!$A$2:$A$18)-1,"PTE") -> 1 | V84: =IF(Q84="Entregado",IF(S84<=VLOOKUP(K84,Valores!E:F,2,0),"Cumple","No cumple"),"PTE") -> Cumple | X84: =VLOOKUP(N84,[1]Hoja1!$G:$BE,39,0) -> 42921
A85: 45678 | B85: =TEXT(A85,"mmmm") -> enero | C85: 2411 | D85: Venta | E85: Juan David Lagos Rodriguez | F85: TECUROD | G85: =IFERROR(VLOOKUP(F85,Productos!$A$2:$D$258,2,0)," ") -> Rodachines con freno para Standing desk x 4 UN | H85: 1 | I85: =IFERROR(VLOOKUP(F85,Productos!$A$2:$D$258,3,0)," ") -> Ruedas | J85: Bogotá y alrededores | K85: Bogota | L85: =IF(O85>0,"Despachado","En alistamiento") -> Despachado | M85: Coordinadora | N85: 3034923 -84151111801 | O85: 45678.716 | P85: 45679 | Q85: =IF(P85>0,"Entregado","En transito") -> Entregado | R85: =IF(L85="Despachado",NETWORKDAYS.INTL(A85,O85,11,Valores!$A$2:$A$18)-1,"PTE") -> 0 | S85: =IF(Q85="Entregado",NETWORKDAYS.INTL(A85,P85,11,Valores!$A$2:$A$18)-1,"PTE") -> 1 | V85: =IF(Q85="Entregado",IF(S85<=VLOOKUP(K85,Valores!E:F,2,0),"Cumple","No cumple"),"PTE") -> Cumple | X85: =VLOOKUP(N85,[1]Hoja1!$G:$BE,39,0) -> 23875
A86: 45678 | B86: =TEXT(A86,"mmmm") -> enero | C86: 2411 | D86: Venta | E86: Juan David Lagos Rodriguez | G86: Servicio de instalacion | H86: 1 | I86: Instalacion | J86: Bogotá y alrededores | K86: Bogota | L86: Instalacion | M86: NA | N86: NA | O86: 45680 | P86: NA | Q86: =IF(P86>0,"Entregado","En transito") -> Entregado | R86: =IF(L86="Despachado",NETWORKDAYS.INTL(A86,O86,11,Valores!$A$2:$A$18)-1,"PTE") -> PTE | S86: =IF(Q86="Entregado",NETWORKDAYS.INTL(A86,P86,11,Valores!$A$2:$A$18)-1,"PTE") -> #VALUE! | V86: =IF(Q86="Entregado",IF(S86<=VLOOKUP(K86,Valores!E:F,2,0),"Cumple","No cumple"),"PTE") -> #VALUE! | X86: 0
A87: 45671 | B87: =TEXT(A87,"mmmm") -> enero | C87: 2388 | D87: Garantia | E87: CAROLINA RAMIREZ RESTREPO | F87: TECU2FNG | G87: =IFERROR(VLOOKUP(F87,Productos!$A$2:$D$258,2,0)," ") -> Electric Standing Desk GO Negro | H87: 1 | I87: =IFERROR(VLOOKUP(F87,Productos!$A$2:$D$258,3,0)," ") -> Standing Desk | J87: Antioquia | K87: Carmen de Viboral | L87: =IF(O87>0,"Despachado","En alistamiento") -> Despachado | M87: Coordinadora | N87: 3019490 - 84151105323 | O87: 45671 | P87: 45673 | Q87: =IF(P87>0,"Entregado","En transito") -> Entregado | R87: =IF(L87="Despachado",NETWORKDAYS.INTL(A87,O87,11,Valores!$A$2:$A$18)-1,"PTE") -> 0 | S87: =IF(Q87="Entregado",NETWORKDAYS.INTL(A87,P87,11,Valores!$A$2:$A$18)-1,"PTE") -> 2 | V87: =IF(Q87="Entregado",IF(S87<=VLOOKUP(K87,Valores!E:F,2,0),"Cumple","No cumple"),"PTE") -> Cumple | X87: 112444 | Z87: 47258
A88: 45671 | B88: =TEXT(A88,"mmmm") -> enero | C88: 2388 | D88: Garantia | E88: CAROLINA RAMIREZ RESTREPO | F88: TECUTCO6C | G88: =IFERROR(VLOOKUP(F88,Productos!$A$2:$D$258,2,0)," ") -> Superficie Caramelo 160x70 Clasico | H88: 1 | I88: =IFERROR(VLOOKUP(F88,Productos!$A$2:$D$258,3,0)," ") -> Superficie | J88: Antioquia | K88: Carmen de Viboral | L88: =IF(O88>0,"Despachado","En alistamiento") -> Despachado | M88: Coordinadora | N88: 3019497 - 84151105325 | O88: 45671 | P88: 45673 | Q88: =IF(P88>0,"Entregado","En transito") -> Entregado | R88: =IF(L88="Despachado",NETWORKDAYS.INTL(A88,O88,11,Valores!$A$2:$A$18)-1,"PTE") -> 0 | S88: =IF(Q88="Entregado",NETWORKDAYS.INTL(A88,P88,11,Valores!$A$2:$A$18)-1,"PTE") -> 2 | V88: =IF(Q88="Entregado",IF(S88<=VLOOKUP(K88,Valores!E:F,2,0),"Cumple","No cumple"),"PTE") -> Cumple | X88: 98264 | Z88: 29257
A89: 45670 | B89: =TEXT(A89,"mmmm") -> enero | C89: 2366 | D89: Garantia | E89: Steven Hoyos | F89: TECUBLS | G89: =IFERROR(VLOOKUP(F89,Productos!$A$2:$D$258,2,0)," ") -> Laptop Stand B | H89: 1 | I89: =IFERROR(VLOOKUP(F89,Productos!$A$2:$D$258,3,0)," ") -> Accesorio | J89: Cauca | K89: Popayan | L89: =IF(O89>0,"Despachado","En alistamiento") -> Despachado | M89: Coordinadora | N89: 3015860 - 84151103434 | O89: 45670 | P89: 45671 | Q89: =IF(P89>0,"Entregado","En transito") -> Entregado | R89: =IF(L89="Despachado",NETWORKDAYS.INTL(A89,O89,11,Valores!$A$2:$A$18)-1,"PTE") -> 0 | S89: =IF(Q89="Entregado",NETWORKDAYS.INTL(A89,P89,11,Valores!$A$2:$A$18)-1,"PTE") -> 1 | V89: =IF(Q89="Entregado",IF(S89<=VLOOKUP(K89,Valores!E:F,2,0),"Cumple","No cumple"),"PTE") -> Cumple | X89: 25385
A90: 45672 | B90: =TEXT(A90,"mmmm") -> enero | C90: 2366 | D90: Cortesia | E90: Steven Hoyos | F90: TECUBDPA | G90: =IFERROR(VLOOKUP(F90,Productos!$A$2:$D$258,2,0)," ") -> Desk Pad B Negro Azul | H90: 1 | I90: =IFERROR(VLOOKUP(F90,Productos!$A$2:$D$258,3,0)," ") -> Accesorio | J90: Cauca | K90: Popayan | L90: =IF(O90>0,"Despachado","En alistamiento") -> Despachado | M90: Coordinadora | N90: 3023584 - 84151107068 | O90: 45673 | P90: 45675 | Q90: =IF(P90>0,"Entregado","En transito") -> Entregado | R90: =IF(L90="Despachado",NETWORKDAYS.INTL(A90,O90,11,Valores!$A$2:$A$18)-1,"PTE") -> 1 | S90: =IF(Q90="Entregado",NETWORKDAYS.INTL(A90,P90,11,Valores!$A$2:$A$18)-1,"PTE") -> 3 | V90: =IF(Q90="Entregado",IF(S90<=VLOOKUP(K90,Valores!E:F,2,0),"Cumple","No cumple"),"PTE") -> Cumple | X90: 24855
A91: 45677 | B91: =TEXT(A91,"mmmm") -> enero | C91: 2398 | D91: Garantia | E91: Juan David Martínez Gordillo | F91: TECUTCO3C | G91: =IFERROR(VLOOKUP(F91,Productos!$A$2:$D$258,2,0)," ") -> Superficie Caramelo 130x70 Clasico | H91: 1 | I91: =IFERROR(VLOOKUP(F91,Productos!$A$2:$D$258,3,0)," ") -> Superficie | J91: Bogotá y alrededores | K91: Bogota | L91: =IF(O91>0,"Despachado","En alistamiento") -> Despachado | M91: Coordinadora | N91: 3035292 - 84151112021 | O91: 45678 | P91: 45680 | Q91: =IF(P91>0,"Entregado","En transito") -> Entregado | R91: =IF(L91="Despachado",NETWORKDAYS.INTL(A91,O91,11,Valores!$A$2:$A$18)-1,"PTE") -> 1 | S91: =IF(Q91="Entregado",NETWORKDAYS.INTL(A91,P91,11,Valores!$A$2:$A$18)-1,"PTE") -> 3 | V91: =IF(Q91="Entregado",IF(S91<=VLOOKUP(K91,Valores!E:F,2,0),"Cumple","No cumple"),"PTE") -> Cumple | X91: 27929
A92: 45680 | B92: =TEXT(A92,"mmmm") -> enero | C92: 2412 | D92: Venta | E92: Juan David Lagos Rodriguez | F92: TECUCT | G92: =IFERROR(VLOOKUP(F92,Productos!$A$2:$D$258,2,0)," ") -> Bandeja de cables | H92: 1 | I92: =IFERROR(VLOOKUP(F92,Productos!$A$2:$D$258,3,0)," ") -> Accesorio | J92: Bogotá y alrededores | K92: Bogota | L92: =IF(O92>0,"Despachado","En alistamiento") -> Despachado | M92: Coordinadora | N92: 3038877 -84151113422 | O92: 45680 | P92: 45681 | Q92: =IF(P92>0,"Entregado","En transito") -> Entregado | R92: =IF(L92="Despachado",NETWORKDAYS.INTL(A92,O92,11,Valores!$A$2:$A$18)-1,"PTE") -> 0 | S92: =IF(Q92="Entregado",NETWORKDAYS.INTL(A92,P92,11,Valores!$A$2:$A$18)-1,"PTE") -> 1 | V92: =IF(Q92="Entregado",IF(S92<=VLOOKUP(K92,Valores!E:F,2,0),"Cumple","No cumple"),"PTE") -> Cumple | X92: 24885
A93: 45681 | B93: =TEXT(A93,"mmmm") -> enero | C93: 2413 | D93: Venta | E93: Jorge Luis Monroy Herrera | F93: TECU3FNPRO | G93: =IFERROR(VLOOKUP(F93,Productos!$A$2:$D$258,2,0)," ") -> Electric Standing Desk PRO Negro | H93: 1 | I93: =IFERROR(VLOOKUP(F93,Productos!$A$2:$D$258,3,0)," ") -> Standing Desk | J93: Atlantico | K93: Barranquilla | L93: =IF(O93>0,"Despachado","En alistamiento") -> Despachado | M93: Coordinadora | N93: 3041057 -84151114405 | O93: 45681 | P93: 45684 | Q93: =IF(P93>0,"Entregado","En transito") -> Entregado | R93: =IF(L93="Despachado",NETWORKDAYS.INTL(A93,O93,11,Valores!$A$2:$A$18)-1,"PTE") -> 0 | S93: =IF(Q93="Entregado",NETWORKDAYS.INTL(A93,P93,11,Valores!$A$2:$A$18)-1,"PTE") -> 2 | V93: =IF(Q93="Entregado",IF(S93<=VLOOKUP(K93,Valores!E:F,2,0),"Cumple","No cumple"),"PTE") -> Cumple | X93: 62467
A94: 45681 | B94: =TEXT(A94,"mmmm") -> enero | C94: 2413 | D94: Venta | E94: Jorge Luis Monroy Herrera | F94: TECUTFE8M | G94: =IFERROR(VLOOKUP(F94,Productos!$A$2:$D$258,2,0)," ") -> Superficie Fresno Europeo 180x70 Moderno | H94: 1 | I94: =IFERROR(VLOOKUP(F94,Productos!$A$2:$D$258,3,0)," ") -> Superficie | J94: Atlantico | K94: Barranquilla | L94: =IF(O94>0,"Despachado","En alistamiento") -> Despachado | M94: Coordinadora | N94: 3041058 -84151114407 | O94: 45681 | P94: 45684 | Q94: =IF(P94>0,"Entregado","En transito") -> Entregado | R94: =IF(L94="Despachado",NETWORKDAYS.INTL(A94,O94,11,Valores!$A$2:$A$18)-1,"PTE") -> 0 | S94: =IF(Q94="Entregado",NETWORKDAYS.INTL(A94,P94,11,Valores!$A$2:$A$18)-1,"PTE") -> 2 | V94: =IF(Q94="Entregado",IF(S94<=VLOOKUP(K94,Valores!E:F,2,0),"Cumple","No cumple"),"PTE") -> Cumple | X94: 44340
A95: 45681 | B95: =TEXT(A95,"mmmm") -> enero | C95: 2414 | D95: Venta | E95: Julio Castellanos | F95: TECU3FBRO | G95: =IFERROR(VLOOKUP(F95,Productos!$A$2:$D$258,2,0)," ") -> Electric Standing Desk PRO Blanco | H95: 1 | I95: =IFERROR(VLOOKUP(F95,Productos!$A$2:$D$258,3,0)," ") -> Standing Desk | J95: Bogotá y alrededores | K95: Bogota | L95: =IF(O95>0,"Despachado","En alistamiento") -> Despachado | M95: Coordinadora | N95: 3041064 -84151114410 | O95: 45681 | P95: 45682 | Q95: =IF(P95>0,"Entregado","En transito") -> Entregado | R95: =IF(L95="Despachado",NETWORKDAYS.INTL(A95,O95,11,Valores!$A$2:$A$18)-1,"PTE") -> 0 | S95: =IF(Q95="Entregado",NETWORKDAYS.INTL(A95,P95,11,Valores!$A$2:$A$18)-1,"PTE") -> 1 | V95: =IF(Q95="Entregado",IF(S95<=VLOOKUP(K95,Valores!E:F,2,0),"Cumple","No cumple"),"PTE") -> Cumple | X95: 42921
A96: 45681 | B96: =TEXT(A96,"mmmm") -> enero | C96: 2414 | D96: Venta | E96: Julio Castellanos | F96: TECUTFE7M | G96: =IFERROR(VLOOKUP(F96,Productos!$A$2:$D$258,2,0)," ") -> Superficie Fresno Europeo 170x70 Moderno | H96: 1 | I96: =IFERROR(VLOOKUP(F96,Productos!$A$2:$D$258,3,0)," ") -> Superficie | J96: Bogotá y alrededores | K96: Bogota | L96: =IF(O96>0,"Despachado","En alistamiento") -> Despachado | M96: Coordinadora | N96: 3041066 -84151114411 | O96: 45681 | P96: 45684 | Q96: =IF(P96>0,"Entregado","En transito") -> Entregado | R96: =IF(L96="Despachado",NETWORKDAYS.INTL(A96,O96,11,Valores!$A$2:$A$18)-1,"PTE") -> 0 | S96: =IF(Q96="Entregado",NETWORKDAYS.INTL(A96,P96,11,Valores!$A$2:$A$18)-1,"PTE") -> 2 | V96: =IF(Q96="Entregado",IF(S96<=VLOOKUP(K96,Valores!E:F,2,0),"Cumple","No cumple"),"PTE") -> Cumple | X96: 24093
A97: 45681 | B97: =TEXT(A97,"mmmm") -> enero | C97: 2414 | D97: Venta | E97: Julio Castellanos | G97: Servicio de instalacion | H97: 1 | I97: Instalacion | J97: Bogotá y alrededores | K97: Bogota | L97: Instalacion | M97: NA | N97: NA | O97: NA | P97: NA | Q97: =IF(P97>0,"Entregado","En transito") -> Entregado | R97: =IF(L97="Despachado",NETWORKDAYS.INTL(A97,O97,11,Valores!$A$2:$A$18)-1,"PTE") -> PTE | S97: =IF(Q97="Entregado",NETWORKDAYS.INTL(A97,P97,11,Valores!$A$2:$A$18)-1,"PTE") -> #VALUE! | V97: =IF(Q97="Entregado",IF(S97<=VLOOKUP(K97,Valores!E:F,2,0),"Cumple","No cumple"),"PTE") -> #VALUE! | X97: 0
A98: 45681 | B98: =TEXT(A98,"mmmm") -> enero | C98: 2415 | D98: Venta | E98: Julio Castellanos | F98: TECUBDPA | G98: =IFERROR(VLOOKUP(F98,Productos!$A$2:$D$258,2,0)," ") -> Desk Pad B Negro Azul | H98: 1 | I98: =IFERROR(VLOOKUP(F98,Productos!$A$2:$D$258,3,0)," ") -> Accesorio | J98: Bogotá y alrededores | K98: Bogota | L98: =IF(O98>0,"Despachado","En alistamiento") -> Despachado | M98: Coordinadora | N98: 3041074 -84151114418 | O98: 45681 | P98: 45682 | Q98: =IF(P98>0,"Entregado","En transito") -> Entregado | R98: =IF(L98="Despachado",NETWORKDAYS.INTL(A98,O98,11,Valores!$A$2:$A$18)-1,"PTE") -> 0 | S98: =IF(Q98="Entregado",NETWORKDAYS.INTL(A98,P98,11,Valores!$A$2:$A$18)-1,"PTE") -> 1 | V98: =IF(Q98="Entregado",IF(S98<=VLOOKUP(K98,Valores!E:F,2,0),"Cumple","No cumple"),"PTE") -> Cumple | X98: 16617
A99: 45681 | B99: =TEXT(A99,"mmmm") -> enero | C99: 2416 | D99: Venta | E99: Juan Pablo Romero Bernal | F99: TECU2FNG | G99: =IFERROR(VLOOKUP(F99,Productos!$A$2:$D$258,2,0)," ") -> Electric Standing Desk GO Negro | H99: 1 | I99: =IFERROR(VLOOKUP(F99,Productos!$A$2:$D$258,3,0)," ") -> Standing Desk | J99: Bogotá y alrededores | K99: Bogota | L99: =IF(O99>0,"Despachado","En alistamiento") -> Despachado | M99: Coordinadora | N99: 3041082 -84151114424 | O99: 45681 | P99: 45685 | Q99: =IF(P99>0,"Entregado","En transito") -> Entregado | R99: =IF(L99="Despachado",NETWORKDAYS.INTL(A99,O99,11,Valores!$A$2:$A$18)-1,"PTE") -> 0 | S99: =IF(Q99="Entregado",NETWORKDAYS.INTL(A99,P99,11,Valores!$A$2:$A$18)-1,"PTE") -> 3 | V99: =IF(Q99="Entregado",IF(S99<=VLOOKUP(K99,Valores!E:F,2,0),"Cumple","No cumple"),"PTE") -> Cumple | X99: 41593
A100: 45681 | B100: =TEXT(A100,"mmmm") -> enero | C100: 2416 | D100: Venta | E100: Juan Pablo Romero Bernal | F100: TECUTFE5C | G100: =IFERROR(VLOOKUP(F100,Productos!$A$2:$D$258,2,0)," ") -> Superficie Fresno Europeo 150x70 Clasico | H100: 1 | I100: =IFERROR(VLOOKUP(F100,Productos!$A$2:$D$258,3,0)," ") -> Superficie | J100: Bogotá y alrededores | K100: Bogota | L100: =IF(O100>0,"Despachado","En alistamiento") -> Despachado | M100: Coordinadora | N100: 3041083 -84151114425 | O100: 45681 | P100: 45685 | Q100: =IF(P100>0,"Entregado","En transito") -> Entregado | R100: =IF(L100="Despachado",NETWORKDAYS.INTL(A100,O100,11,Valores!$A$2:$A$18)-1,"PTE") -> 0 | S100: =IF(Q100="Entregado",NETWORKDAYS.INTL(A100,P100,11,Valores!$A$2:$A$18)-1,"PTE") -> 3 | V100: =IF(Q100="Entregado",IF(S100<=VLOOKUP(K100,Valores!E:F,2,0),"Cumple","No cumple"),"PTE") -> Cumple | X100: 24093
A101: 45681 | B101: =TEXT(A101,"mmmm") -> enero | C101: 2417 | D101: Venta | E101: Rosemery Carrillo | F101: TECU3FNPRO | G101: =IFERROR(VLOOKUP(F101,Productos!$A$2:$D$258,2,0)," ") -> Electric Standing Desk PRO Negro | H101: 1 | I101: =IFERROR(VLOOKUP(F101,Productos!$A$2:$D$258,3,0)," ") -> Standing Desk | J101: Bogotá y alrededores | K101: Bogota | L101: =IF(O101>0,"Despachado","En alistamiento") -> Despachado | M101: Coordinadora | N101: 3041165 -84151114467 | O101: 45681 | P101: 45684 | Q101: =IF(P101>0,"Entregado","En transito") -> Entregado | R101: =IF(L101="Despachado",NETWORKDAYS.INTL(A101,O101,11,Valores!$A$2:$A$18)-1,"PTE") -> 0 | S101: =IF(Q101="Entregado",NETWORKDAYS.INTL(A101,P101,11,Valores!$A$2:$A$18)-1,"PTE") -> 2 | V101: =IF(Q101="Entregado",IF(S101<=VLOOKUP(K101,Valores!E:F,2,0),"Cumple","No cumple"),"PTE") -> Cumple | X101: 42921
A102: 45681 | B102: =TEXT(A102,"mmmm") -> enero | C102: 2418 | D102: Venta | E102: Angela Patricia Duque Gutierrez | F102: TECU3FNPRO | G102: =IFERROR(VLOOKUP(F102,Productos!$A$2:$D$258,2,0)," ") -> Electric Standing Desk PRO Negro | H102: 1 | I102: =IFERROR(VLOOKUP(F102,Productos!$A$2:$D$258,3,0)," ") -> Standing Desk | J102: Quindio | K102: La tebaida | L102: =IF(O102>0,"Despachado","En alistamiento") -> Despachado | M102: Entrega directa | N102: Entrega en la bodega a la cliente | O102: 45681 | P102: 45681 | Q102: =IF(P102>0,"Entregado","En transito") -> Entregado | R102: =IF(L102="Despachado",NETWORKDAYS.INTL(A102,O102,11,Valores!$A$2:$A$18)-1,"PTE") -> 0 | S102: =IF(Q102="Entregado",NETWORKDAYS.INTL(A102,P102,11,Valores!$A$2:$A$18)-1,"PTE") -> 0 | V102: =IF(Q102="Entregado",IF(S102<=VLOOKUP(K102,Valores!E:F,2,0),"Cumple","No cumple"),"PTE") -> #N/A | X102: 0
...

Sheet Productos
A1: PRODUCTOS
A2: CODIGO | B2: PRODUCTO | C2: Categoria | D2: Valores Fletes
A3: TECUTRM8M | B3: Superficie Roble Miel 180x70 Moderno | C3: Superficie | D3: 35000
A4: TECUTRM8C | B4: Superficie Roble Miel 180x70 Clasico | C4: Superficie | D4: 35000
A5: TECUTRM5C | B5: Superficie Roble Miel 150x70 Clasico | C5: Superficie | D5: 35000
A6: TECUTRC8C | B6: Superficie Roble Caramelo 180x70 Clasico | C6: Superficie | D6: 35000
A7: TECUTRC5C | B7: Superficie Roble Caramelo 150x70 Clasico | C7: Superficie | D7: 35000
A8: TECUTNE | B8: Superficie orden especial Color: Wengue | C8: Superficie | D8: 35000
A9: TECUTBE | B9: Superficie orden especial Color: Niebla | C9: Superficie | D9: 35000
A10: TECUTCCE | B10: Superficie orden especial Color: Miel | C10: Superficie | D10: 35000
A11: TECUTCOE | B11: Superficie orden especial Color: Caramelo | C11: Superficie | D11: 35000
A12: TECUTB20C | B12: Superficie Niebla 200x70 Clasico | C12: Superficie | D12: 35000
A13: TECUTB9C | B13: Superficie Niebla 190x70 Clasico | C13: Superficie | D13: 35000
A14: TECUTB8M | B14: Superficie Niebla 180x70 Moderno | C14: Superficie | D14: 35000
... A173: TECURCC | B173: Repisa Miel | C173: Repisa | D173: 25000
A174: TECURFB-80 | B174: Repisa Flotante Niebla x 80cm | C174: Repisa
A175: TECURFB-70 | B175: Repisa Flotante Niebla x 70cm | C175: Repisa
A176: TECURFB-60 | B176: Repisa Flotante Niebla x 60cm | C176: Repisa
A177: TECURFN-80 | B177: Repisa Flotante Negro x 80cm | C177: Repisa
A178: TECURFN-70 | B178: Repisa Flotante Negro x 70cm | C178: Repisa
A179: TECURFN-60 | B179: Repisa Flotante Negro x 60cm | C179: Repisa
A180: TECURFFE -80 | B180: Repisa Flotante Fresno Europeo x 80cm | C180: Repisa
A181: TECURFFE -70 | B181: Repisa Flotante Fresno Europeo x 70cm | C181: Repisa
A182: TECURFFE -60 | B182: Repisa Flotante Fresno Europeo x 60cm | C182: Repisa
A183: TECURFCO-80 | B183: Repisa Flotante Caramelo x 80cm | C183: Repisa
A184: TECURFCO-70 | B184: Repisa Flotante Caramelo x 70cm | C184: Repisa
A185: TECURFCO-60 | B185: Repisa Flotante Caramelo x 60cm | C185: Repisa
... A197: TECURECO-110 | B197: Repisa Escritorio Caramelo x 110cm | C197: Repisa
A198: TECURCO | B198: Repisa Caramelo | C198: Repisa | D198: 25000
A199: TECUBLS | B199: Laptop Stand B | C199: Accesorio | D199: 50000
A200: TECUFX-T76 | B200: Escritorio FIjo Linea - T x 76,5 cm | C200: Escritorio Fijo
A201: TECUFX-T72 | B201: Escritorio FIjo Linea - T x 72,5 cm | C201: Escritorio Fijo
A202: TECUFX-T68 | B202: Escritorio FIjo Linea - T x 68,5 cm | C202: Escritorio Fijo
A203: TECUFX-T64 | B203: Escritorio FIjo Linea - T x 64,5 cm | C203: Escritorio Fijo
A204: TECU2FNG | B204: Electric Standing Desk GO Negro | C204: Standing Desk | D204: 40000
A205: TECU2FGGO | B205: Electric Standing Desk GO Gris | C205: Standing Desk | D205: 40000
A206: TECU2FBGO | B206: Electric Standing Desk GO Blanco | C206: Standing Desk | D206: 40000
A207: TECULFG | B207: Electric Standing Desk En L Frame Gris | C207: Standing Desk | D207: 40000
A208: TECU3FNCRO | B208: Electric Standing Desk PRO Negro circular | C208: Standing Desk | D208: 40000
A209: TECU3FNPRO | B209: Electric Standing Desk PRO Negro | C209: Standing Desk | D209: 40000
A210: TECU3FGPRO | B210: Electric Standing Desk PRO Gris | C210: Standing Desk | D210: 40000
A211: TECU3FBCRO | B211: Electric Standing Desk PRO Blanco circular | C211: Standing Desk | D211: 40000
A212: TECU3FBRO | B212: Electric Standing Desk PRO Blanco | C212: Standing Desk | D212: 40000
A213: TECULFN2 | B213: Electric Standing Desk En L Frame Negro 2.0 | C213: Standing Desk | D213: 40000
A214: TECUDSN | B214: Desk Stool Negra Silla ajustable | C214: Silla | D214: 25000
A215: TECUDSG | B215: Desk Stool Gris Silla ajustable | C215: Silla | D215: 25000
... A218: TECUBDPA | B218: Desk Pad B Negro Azul | C218: Accesorio | D218: 50000
A219: TECU2CURN-77 | B219: Cajonero 2.0 Unicolor Roble Negro x77cm | C219: Archivador
A220: TECU2CURN-73 | B220: Cajonero 2.0 Unicolor Roble Negro x73cm | C220: Archivador
A221: TECU2CURN-69 | B221: Cajonero 2.0 Unicolor Roble Negro x69cm | C221: Archivador
A222: TECU2CURN-65 | B222: Cajonero 2.0 Unicolor Roble Negro x65cm | C222: Archivador
A223: TECU2CUN-77 | B223: Cajonero 2.0 Unicolor Niebla x77cm | C223: Archivador
A224: TECU2CUN-73 | B224: Cajonero 2.0 Unicolor Niebla x73cm | C224: Archivador
A225: TECU2CUN-69 | B225: Cajonero 2.0 Unicolor Niebla x69cm | C225: Archivador
A226: TECU2CUN-65 | B226: Cajonero 2.0 Unicolor Niebla x65cm | C226: Archivador
A227: TECU2CUF-77 | B227: Cajonero 2.0 Unicolor Fresno Europeo x77cm | C227: Archivador
A228: TECU2CUF-73 | B228: Cajonero 2.0 Unicolor Fresno Europeo x73cm | C228: Archivador
A229: TECU2CUF-69 | B229: Cajonero 2.0 Unicolor Fresno Europeo x69cm | C229: Archivador
A230: TECU2CUF-65 | B230: Cajonero 2.0 Unicolor Fresno Europeo x65cm | C230: Archivador
... A250: TECU2CBC-65 | B250: Cajonero 2.0 Bicolor Caramelo x65cm | C250: Archivador
A251: TECUTBANPI | B251: Bandeja Piano | C251: Accesorio | D251: 35000
A252: TECUTBANTE | B252: Bandeja de teclado | C252: Accesorio | D252: 35000
A253: TECUCT | B253: Bandeja de cables | C253: Accesorio | D253: 25000
A254: TECUAFE | B254: Archivador TECU Fresno Europeo | C254: Archivador | D254: 50000
A255: TECUAN | B255: Archivador TECU Negro | C255: Archivador | D255: 50000
A256: TECUACC | B256: Archivador TECU Miel | C256: Archivador | D256: 50000
A257: TECUACO | B257: Archivador TECU Caramelo | C257: Archivador | D257: 50000
A258: TECUAB | B258: Archivador TECU Blanco (Niebla) | C258: Archivador | D258: 50000
A259: TECUTLN5x60 | B259: Superficie Escritorio en L Negro 150x60 | C259: Superficie
A260: TECUTLCO5x60 | B260: Superficie Escritorio Caramelo en L 150x60 | C260: Superficie
A261: TECUTLB5x60 | B261: Superficie Escritorio Niebla en L 150x60 | C261: Superficie
A262: TECUTLFE5X60 | B262: Superficie Escritorio Fresno Europeo en L 150x60 | C262: Superficie
A263: TECUTLN8x60 | B263: Superficie Escritorio en L Negro 180x60 | C263: Superficie
A264: TECUTLCO8x60 | B264: Superficie Escritorio Caramelo en L 180x60 | C264: Superficie
A265: TECUTLB8x60 | B265: Superficie Escritorio Niebla en L 180x60 | C265: Superficie
A266: TECUTLFE8X60 | B266: Superficie Escritorio Fresno Europeo en L 180x60 | C266: Superficie
A267: TECUTLN5x70 | B267: Superficie Escritorio en L Negro 150x70 | C267: Superficie
A268: TECUTLCO5x70 | B268: Superficie Escritorio Caramelo en L 150x70 | C268: Superficie
A269: TECUTLB5x70 | B269: Superficie Escritorio Niebla en L 150x70 | C269: Superficie
A270: TECUTLFE5X70 | B270: Superficie Escritorio Fresno Europeo en L 150x70 | C270: Superficie
... A274: TECUFX-E76 | B274: Escritorio FIjo Linea - E x 76,5 cm | C274: Escritorio Fijo

Sheet Indicadores Despachos
A1: INDICADORES OPERACIÓN LOGISTICA TECU
A5: 1. TIEMPOS DE DESPACHO Y DE ENTREGAS
A7: Mes | B7: mayo | L7: Mes | M7: mayo
A8: Status Despacho | B8: Despachado | L8: Status entrega | M8: Entregado
A10: Promedio de Tiempo de despacho de orden | B10: Categoria | L10: Promedio de Tiempo de entrega de la orden | M10: Categoria
A11: Ciudad | B11: Standing Desk | C11: Superficie | D11: Accesorio | E11: Archivador | F11: Repisa | G11: Silla | H11: Ruedas | L11: Ciudad | M11: Standing Desk | N11: Superficie | O11: Accesorio | P11: Archivador | Q11: Repisa | R11: Silla | S11: Ruedas
A12: Bogotá y alrededores | B12: 0.625 | C12: 0.6 | D12: 1 | E12: 2.6666667 | F12: 0 | G12: 0 | H12: 0 | L12: Bogotá y alrededores | M12: 2 | N12: 2.5333333 | O12: 2.4285714 | P12: 4 | Q12: 2 | R12: 1 | S12: 1
A13: Antioquia | B13: 0.5 | C13: 0.66666667 | D13: 1 | H13: 0 | L13: Antioquia | M13: 1.5 | N13: 1.6666667 | O13: 2 | S13: 1
A14: Valle del Cauca | B14: 0 | C14: 0 | L14: Valle del Cauca | M14: 1 | N14: 1
A15: Atlantico | D15: 0 | G15: 0 | L15: Atlantico | O15: 2 | R15: 2
A16: Santander | B16: 0 | C16: 0 | L16: Santander | M16: 2 | N16: 2
A17: Caldas | B17: 1 | C17: 1 | L17: Caldas | M17: 10 | N17: 11
A28: 2. TIEMPOS DE DESPACHO Y DE ENTREGAS POR CIUDAD
A31: Mes | B31: mayo
A32: Status entrega | B32: Entregado
A34: Promedio de Tiempo de entrega de la orden | B34: Categoria
A35: Ciudad | B35: Standing Desk | C35: Superficie | D35: Accesorio | E35: Archivador | F35: Repisa | G35: Silla | H35: Ruedas | I35: Instalacion
A36: Bogotá y alrededores | B36: 2 | C36: 2.5333333 | D36: 2.4285714 | E36: 4 | F36: 2 | G36: 1 | H36: 1 | I36: #VALUE!
A37: Antioquia | B37: 1.5 | C37: 1.6666667 | D37: 2 | H37: 1 | I37: #VALUE!
A38: Valle del Cauca | B38: 1 | C38: 1
A39: Atlantico | D39: 2 | G39: 2
A40: Santander | B40: 2 | C40: 2
A41: Caldas | B41: 10 | C41: 11

Sheet OKR
A1: Indicador OTIF | E1: =D2*E31 -> 961.97778
A2: 1 a 3 días Ciudades principales 1 a 5 días Ciudades Secundarias | D2: =B13/(B13+C13) -> 0.81111111 | E2: NNS
A4: Concepto | B4: Venta
A5: Status entrega | B5: Entregado
A7: Cuenta de No orden | B7: Cumple NNS
A8: Mes | B8: Cumple | C8: No cumple | D8: (en blanco) | E8: #N/D | F8: #¡VALOR! | G8: Total general
A9: enero | B9: 70 | C9: 25 | G9: 95
A10: febrero | B10: 86 | C10: 5 | G10: 91
A11: marzo | B11: 60 | C11: 5 | G11: 65
A12: abril | B12: 111 | C12: 24 | E12: 3 | G12: 138
A13: mayo | B13: 73 | C13: 17 | E13: 12 | G13: 102
A14: junio | B14: 80 | C14: 8 | E14: 5 | G14: 93
A15: julio | B15: 80 | C15: 16 | E15: 9 | G15: 105
A16: agosto | B16: 44 | C16: 19 | E16: 6 | G16: 69
A17: septiembre | B17: 50 | C17: 12 | E17: 3 | F17: 2 | G17: 67
A18: octubre | B18: 76 | C18: 12 | E18: 12 | F18: 1 | G18: 101
A19: noviembre | B19: 115 | C19: 31 | E19: 12 | G19: 158
A20: diciembre | B20: 49 | C20: 30 | D20: 1 | E20: 3 | G20: 83
A21: Total general | B21: 894 | C21: 204 | D21: 1 | E21: 65 | F21: 3 | G21: 1167
A31: Garantias | E31: =B37/$B$38 -> 1186
A32: Mes | B32: (Todas)
A34: Cuenta de No orden
A35: Concepto | B35: Total
A36: Garantia | B36: 13
A37: Venta | B37: 1186
A38: RIFA | B38: 1
A39: Préstamo | B39: 4
A40: Cortesia | B40: 4
A41: Cambio | B41: 1
A42: Politica Satisfaccion | B42: 1
A43: Total general | B43: 1210
C47: Stock minimo
A48: Descripcion del producto | B48: Promedio mes | C48: n+4 | D48: Inventario actual | E48: COSTO | F48: FI | G48: TRM | H48: Costo
A49: Electric Standing Desk GO Negro | B49: 17 | C49: =B49*4 -> 68 | D49: 79 | E49: 122 | F49: 1.46 | G49: 4444.36 | H49: =((E49*F49)*G49)*D49 -> 62538723
A50: Electric Standing Desk GO Gris | B50: 2 | C50: =B50*4 -> 8 | D50: 0 | E50: 122 | F50: 1.46 | G50: 4444.36 | H50: =((E50*F50)*G50)*D50 -> 0
A51: Electric Standing Desk GO Blanco | B51: 4 | C51: =B51*4 -> 16 | D51: 21 | E51: 122 | F51: 1.46 | G51: 4444.36 | H51: =((E51*F51)*G51)*D51 -> 16624217
A52: Electric Standing Desk PRO Negro | B52: 15 | C52: 60 | D52: 58 | E52: 125 | F52: 1.46 | G52: 4444.36 | H52: =((E52*F52)*G52)*D52 -> 47043551
A53: Electric Standing Desk PRO Negro circular | B53: 15 | C53: 60 | D53: 15 | E53: 125 | F53: 1.46 | G53: 4444.36 | H53: =((E53*F53)*G53)*D53 -> 12166436
A54: Electric Standing Desk PRO Gris | B54: 3.3333333 | C54: 13 | D54: 0 | E54: 125 | F54: 1.46 | G54: 4444.36 | H54: =((E54*F54)*G54)*D54 -> 0
A55: Electric Standing Desk PROBlanco | B55: 4 | C55: =B55*4 -> 16 | D55: 17 | E55: 125 | F55: 1.46 | G55: 4444.36 | H55: =((E55*F55)*G55)*D55 -> 13788627
A56: Electric Standing Desk PROBlanco circular | B56: 4 | C56: =B56*4 -> 16 | D56: 5 | E56: 125 | F56: 1.46 | G56: 4444.36 | H56: =((E56*F56)*G56)*D56 -> 4055478.5
A57: Electric Standing Desk | Escritorio Ajustable En L Frame Negro | B57: 3 | C57: =B57*4 -> 12 | D57: 31 | E57: 125 | F57: 1.46 | G57: 4444.36 | H57: =((E57*F57)*G57)*D57 -> 25143967
B58: =SUM(B49:B57) -> 67.333333 | C58: =B58*4 -> 269.33333 | D58: =SUM(D49:D57) -> 226 | H58: =SUM(H49:H57) -> 1.81361e+08
H59: =D76 -> 4508229
H60: =SUM(H58:H59) -> 1.8586923e+08
A62: Superficie | B62: Inventario actual | C62: Costo | D62: Costo total
A63: Caramelo clasicas | B63: 3 | C63: 195840 | D63: =C63*B63 -> 587520
A64: Miel clasicas | B64: 1 | C64: 195840 | D64: =C64*B64 -> 195840
A65: Niebla Clasicas | B65: 5 | C65: 249154 | D65: =C65*B65 -> 1245770
A66: Negro Clasicas | B66: 2 | C66: 249154 | D66: =C66*B66 -> 498308
A67: Caramelo modernas | B67: 0 | C67: 167849 | D67: =C67*B67 -> 0
A68: Miel modernas | B68: 1 | C68: 167849 | D68: =C68*B68 -> 167849
A69: Niebla modernas | B69: 5 | C69: 220988 | D69: =C69*B69 -> 1104940
A70: Negro modernas | B70: 0 | C70: 220988 | D70: =C70*B70 -> 0
A71: Caramelo en L | B71: 1 | C71: 218349 | D71: =C71*B71 -> 218349
A72: Miel en L | B72: 1 | C72: 218349 | D72: =C72*B72 -> 218349
A73: Niebla en L | B73: 1 | C73: 271304 | D73: =C73*B73 -> 271304 | F73: **Martes programar reunion expansion de planeamiento
A74: Negro en L | B74: 0 | C74: 271304 | D74: =C74*B74 -> 0
A76: Total | B76: =SUM(B63:B74) -> 20 | D76: =SUM(D63:D74) -> 4508229
A82: Superficie | B82: Inventario actual | C82: Costo | D82: Costo total
A83: Desk Stool Negra | B83: 3 | C83: 195840 | D83: =C83*B83 -> 587520
A84: Desk Stool Gris | B84: 1 | C84: 195840 | D84: =C84*B84 -> 195840
A85: Niebla Clasicas | B85: 5 | C85: 249154 | D85: =C85*B85 -> 1245770
A86: Negro Clasicas | B86: 2 | C86: 249154 | D86: =C86*B86 -> 498308
A87: Caramelo modernas | B87: 0 | C87: 167849 | D87: =C87*B87 -> 0
A88: Miel modernas | B88: 1 | C88: 167849 | D88: =C88*B88 -> 167849
A89: Niebla modernas | B89: 5 | C89: 220988 | D89: =C89*B89 -> 1104940
A90: Negro modernas | B90: 0 | C90: 220988 | D90: =C90*B90 -> 0
A91: Caramelo en L | B91: 1 | C91: 218349 | D91: =C91*B91 -> 218349
A92: Miel en L | B92: 1 | C92: 218349 | D92: =C92*B92 -> 218349
A93: Niebla en L | B93: 1 | C93: 271304 | D93: =C93*B93 -> 271304
A94: Negro en L | B94: 0 | C94: 271304 | D94: =C94*B94 -> 0
A96: Total | B96: =SUM(B83:B94) -> 20 | D96: =SUM(D83:D94) -> 4508229

Sheet Analisis Ventas
A1: INDICADORES VENTAS TECU.CO
A4: 1. RESUMEN DE VENTAS
A5: Concepto | B5: (Todas)
A7: Suma de Cantidad | B7: Categoria
A8: Mes | B8: Standing Desk | C8: Superficie | D8: Accesorio | E8: Archivador | F8: Repisa | G8: Silla | H8: Ruedas | I8: Instalacion | J8: Escritorio Fijo | L8: Total general
A9: enero | B9: 41 | C9: 38 | D9: 20 | E9: 2 | F9: 3 | G9: 3 | H9: 4 | I9: 10 | L9: 121
A10: febrero | B10: 22 | C10: 21 | D10: 10 | E10: 7 | F10: 1 | H10: 4 | I10: 2 | L10: 67
A11: marzo | B11: 36 | C11: 38 | D11: 7 | E11: 3 | F11: 4 | H11: 4 | I11: 7 | L11: 99
A12: abril | B12: 36 | C12: 34 | D12: 17 | E12: 3 | F12: 3 | G12: 5 | H12: 3 | I12: 7 | L12: 108
A13: mayo | B13: 26 | C13: 24 | D13: 12 | E13: 4 | F13: 1 | G13: 4 | H13: 4 | I13: 6 | L13: 81
A14: junio | B14: 31 | C14: 30 | D14: 22 | E14: 10 | F14: 9 | G14: 4 | H14: 3 | I14: 6 | L14: 115
A15: julio | B15: 39 | C15: 37 | D15: 19 | E15: 3 | F15: 3 | H15: 2 | I15: 6 | L15: 109
A16: agosto | B16: 29 | C16: 30 | D16: 12 | E16: 3 | F16: 3 | H16: 1 | I16: 6 | L16: 84
A17: septiembre | B17: 24 | C17: 23 | D17: 9 | E17: 5 | G17: 1 | H17: 1 | I17: 5 | L17: 68
A18: octubre | B18: 21 | C18: 24 | D18: 8 | E18: 5 | F18: 7 | G18: 3 | I18: 6 | J18: 1 | K18: 1 | L18: 76
A19: noviembre | B19: 39 | C19: 37 | D19: 10 | E19: 4 | F19: 7 | G19: 5 | I19: 3 | J19: 1 | L19: 106
A20: Total general | B20: 344 | C20: 336 | D20: 146 | E20: 49 | F20: 41 | G20: 25 | H20: 26 | I20: 64 | J20: 2 | K20: 1 | L20: 1034
A25: Mes | B25: mayo
A26: Concepto | B26: Venta
A28: Suma de Cantidad | B28: Categoria
A29: Ciudad | B29: Standing Desk | C29: Superficie | D29: Repisa | E29: Accesorio | F29: Archivador | G29: Silla | H29: Ruedas | I29: Instalacion | J29: Total general
A30: Bogotá y alrededores | B30: 16 | C30: 16 | D30: 1 | E30: 10 | F30: 4 | G30: 2 | H30: 2 | I30: 4 | J30: 55
A31: Antioquia | B31: 4 | C31: 3 | E31: 1 | H31: 2 | I31: 2 | J31: 12
A32: Valle del Cauca | B32: 3 | C32: 3 | J32: 6
A33: Atlantico | E33: 1 | G33: 2 | J33: 3
A34: Caldas | B34: 1 | C34: 1 | J34: 2
A35: Santander | B35: 1 | C35: 1 | J35: 2
A36: Total general | B36: 25 | C36: 24 | D36: 1 | E36: 12 | F36: 4 | G36: 4 | H36: 4 | I36: 6 | J36: 80
A78: Mes | B78: mayo
A79: Concepto | B79: Venta
A81: Suma de Cantidad | B81: Categoria
A82: Lugar de entrega | B82: Standing Desk | C82: Superficie | D82: Repisa | E82: Accesorio | F82: Archivador | G82: Silla | H82: Ruedas | I82: Instalacion | J82: Total general
A83: Bogota | B83: 13 | C83: 13 | E83: 8 | F83: 3 | G83: 2 | H83: 2 | I83: 4 | J83: 45
A84: Medellin | B84: 2 | C84: 1 | E84: 1 | I84: 2 | J84: 6
A85: Chia | B85: 1 | C85: 1 | E85: 1 | F85: 1 | J85: 4
A86: Cali | B86: 2 | C86: 2 | J86: 4
A87: Barranquilla | E87: 1 | G87: 2 | J87: 3
A88: Funza | B88: 1 | C88: 1 | J88: 2
A89: Retiro | B89: 1 | C89: 1 | J89: 2
A90: Soacha | B90: 1 | C90: 1 | J90: 2
A91: Envigado | H91: 2 | J91: 2
A92: Palmira | B92: 1 | C92: 1 | J92: 2
A93: Cajica | D93: 1 | E93: 1 | J93: 2
A94: Bucaramanga | B94: 1 | C94: 1 | J94: 2
A95: Manizales | B95: 1 | C95: 1 | J95: 2
A96: Carmen de Viboral | B96: 1 | C96: 1 | J96: 2
A97: Total general | B97: 25 | C97: 24 | D97: 1 | E97: 12 | F97: 4 | G97: 4 | H97: 4 | I97: 6 | J97: 80
A111: Mes | B111: mayo
A113: Suma de Valor despacho | B113: Categoria
A114: Ciudad | B114: Standing Desk | C114: Superficie | D114: Repisa | E114: Accesorio | F114: Archivador | G114: Silla | H114: Ruedas | I114: Instalacion | J114: Total general
A115: Bogotá y alrededores | B115: 741579 | C115: 383971 | D115: 23429 | E115: 157659 | F115: 175540 | G115: 53218 | H115: 23875 | I115: 0 | J115: 1559271
A116: Antioquia | B116: 176684 | C116: 81427 | E116: 27929 | H116: 23875 | I116: 0 | J116: 309915
A117: Valle del Cauca | B117: 128763 | C117: 76927 | J117: 205690
A118: Atlantico | E118: 24885 | G118: 81884 | J118: 106769
A119: Santander | B119: 56077 | C119: 41897 | J119: 97974
A120: Caldas | B120: 34953 | C120: 15194 | J120: 50147
A121: Total general | B121: 1138056 | C121: 599416 | D121: 23429 | E121: 210473 | F121: 175540 | G121: 135102 | H121: 47750 | I121: 0 | J121: 2329766
B138: Valores
A139: Mes | B139: Suma de Valor despacho | C139: Suma de Cantidad
A140: enero | B140: 4094684 | C140: 120
A141: Total general | B141: 4094684 | C141: 120
A161: Concepto | B161: (Todas)
A163: Suma de Cantidad | C163: Mes
A164: Categoria | B164: Descripcion del producto | C164: octubre | D164: noviembre | E164: Total general
A165: Archivador | B165: Cajonero 2.0 Bicolor Caramelo x65cm | D165: 2 | E165: 2
B166: Cajonero 2.0 Bicolor Caramelo x73cm | C166: 1 | D166: 1 | E166: 2
B167: Cajonero 2.0 Bicolor Caramelo x77cm | C167: 1 | E167: 1
B168: Cajonero 2.0 Bicolor Fresno Europeo x73cm | D168: 1 | E168: 1
A169: Total Archivador | C169: 2 | D169: 4 | E169: 6
A170: Total general | C170: 2 | D170: 4 | E170: 6
A341: Suma de Valor despacho
A342: Mes | B342: Total
A343: enero | B343: 4094684
A344: febrero | B344: 2281360
A345: marzo | B345: 3070108
A346: abril | B346: 2942555
A347: mayo | B347: 2329766
A348: Total general | B348: 14718473
A361: Mes | B361: mayo
A363: Suma de Valor despacho | B363: Categoria
A364: Ciudad | B364: Standing Desk | C364: Superficie | D364: Repisa | E364: Accesorio | F364: Archivador | G364: Silla | H364: Ruedas | I364: Instalacion | J364: Total general
A365: Bogotá y alrededores | B365: 741579 | C365: 383971 | D365: 23429 | E365: 157659 | F365: 175540 | G365: 53218 | H365: 23875 | I365: 0 | J365: 1559271
A366: Antioquia | B366: 176684 | C366: 81427 | E366: 27929 | H366: 23875 | I366: 0 | J366: 309915
A367: Valle del Cauca | B367: 128763 | C367: 76927 | J367: 205690
A368: Atlantico | E368: 24885 | G368: 81884 | J368: 106769
A369: Santander | B369: 56077 | C369: 41897 | J369: 97974
A370: Caldas | B370: 34953 | C370: 15194 | J370: 50147
A371: Total general | B371: 1138056 | C371: 599416 | D371: 23429 | E371: 210473 | F371: 175540 | G371: 135102 | H371: 47750 | I371: 0 | J371: 2329766
A385: Suma de Valor despacho
A386: Mes | B386: Total
A387: enero | B387: 4094684
A388: febrero | B388: 2032202
A389: Total general | B389: 6126886

Sheet Valores
A1: dias Festivos | D1: Ciudad entrega | E1: Lugar entrega | F1: Tiempo entrega
A2: 45658 | D2: Acacias | E2: Meta | F2: 5
A3: 45663 | D3: Aguachica | E3: Aguachica | F3: 5
A4: 45740 | D4: Antioquia | E4: Envigado | F4: 3
A5: 45764 | D5: Antioquia | E5: Medellin | F5: 3
A6: 45765 | D6: Antioquia | E6: Bello | F6: 3
A7: 45778 | D7: Antioquia | E7: Sabaneta | F7: 3
A8: 45810 | D8: Antioquia | E8: La estrella | F8: 3
A9: 45831 | D9: Antioquia | E9: El retiro | F9: 5
A10: 45838 | D10: Antioquia | E10: Caldas | F10: 5
A11: 45858 | D11: Antioquia | E11: La ceja | F11: 5
A12: 45876 | D12: Antioquia | E12: Itagui | F12: 3
A13: 45887 | D13: Antioquia | E13: Rionegro | F13: 3
... A18: 46016 | D18: Antioquia | E18: Marinilla | F18: 5
D19: Quindio | E19: Armenia | F19: 3
D20: Atlantico | E20: Soledad | F20: 5
D21: Atlantico | E21: Barranquilla | F21: 5
D22: Bogotá y alrededores | E22: Bogota | F22: 3
D23: Bogotá y alrededores | E23: Cajica | F23: 5
D24: Bogotá y alrededores | E24: Bojaca | F24: 5
D25: Bogotá y alrededores | E25: Zipaquira | F25: 5
D26: Bogotá y alrededores | E26: Choachi | F26: 5
D27: Bogotá y alrededores | E27: Chia | F27: 5
D28: Bogotá y alrededores | E28: Fusagasuga | F28: 5
D29: Bogotá y alrededores | E29: Mosquera | F29: 5
D30: Bogotá y alrededores | E30: Tocancipa | F30: 5
... D62: Cordoba | E62: Monteria | F62: 5
